step,R_CC,gap_eV,f_seam_norm,cos_phi,e_p,e_q,gx_H0,gy_H0,gz_H0,gx_H1,gy_H1,gz_H1,gx_H2,gy_H2,gz_H2,gx_H3,gy_H3,gz_H3,gx_C4,gy_C4,gz_C4,gx_C5,gy_C5,gz_C5,hx_H0,hy_H0,hz_H0,hx_H1,hy_H1,hz_H1,hx_H2,hy_H2,hz_H2,hx_H3,hy_H3,hz_H3,hx_C4,hy_C4,hz_C4,hx_C5,hy_C5,hz_C5
0,1.3248274392865422,2.964827552622751e-06,0.006759621344061754,0.0994404431876498,-77.26722737733395,-77.2672272683786,-0.04373917669741029,-0.010194265138140826,0.037881593246461114,-0.009161268461462285,-0.0014459334099506359,-0.0015174897932115489,-0.016646173642206608,0.01934232400470573,0.028795970313233332,-0.02048644374216177,0.003619864027835165,0.0033855553400834737,0.01263563248910926,-0.035899022537696154,-0.08517503531093645,0.07739743005415844,0.024577033053255155,0.01662940620437734,0.0004346499270031501,0.017001426592891278,-0.04519352890649653,0.009489497185300788,0.037956712959034994,0.0010827745416608359,-0.017437614296360815,0.0058491081901717035,0.03585701253430251,-0.009457961143082283,-0.04778680696967971,0.0017747722912471176,0.019896220139878018,-0.016382915213139282,-0.011288262990415632,-0.002924791812741745,0.0033624744407221747,0.017767232529700916
1,1.3248314396125411,8.845115339889275e-06,0.006758701237087969,0.2769357084683139,-77.26723179664985,-77.26723147159802,0.033717231001766934,-0.013152931084647643,0.02650928035726988,-0.004622524055502675,-0.046061433293186876,-0.00015384259560435876,0.03471024869049205,-0.02242760641456626,-0.06714228493030043,0.027804331652408726,0.05657714459389718,-0.004860866614287987,-0.034624224832934924,0.04848462475756572,0.08075296637122487,-0.05698506245623958,-0.023419798559064606,-0.035105252588286076,-0.013931872932274492,-0.016484331718320977,0.047174136202478345,-0.010278337546784089,-0.030177305464610615,-0.001317501847378555,0.008481553942209397,0.0014281408022858155,-0.019134556873504627,0.001039143193358627,0.03855659760061553,-0.00033751405276283286,-0.011659691901353852,0.0016798622934939278,-0.017635934672121323,0.026349205244843965,0.004997036486536608,-0.008748628756711452
2,1.3248354011315622,6.115097705927042e-06,0.006757793213989218,0.15558918544788192,-77.267236066556,-77.26723584183041,0.04336001156735586,0.006358881344426026,-0.027640666159643862,0.006995730417190926,-0.006989369358421961,0.0012694798774116056,0.020401397618629497,-0.020522768981962522,-0.03658065777078951,0.022457357326795685,0.0069948793593596886,-0.003762989891548968,-0.016946312970650634,0.03929187167631294,0.0871617029234204,-0.07626818395933155,-0.025133494039704392,-0.020446868978856537,-0.0028513043662212745,-0.01745931995223593,0.04701023957915329,-0.009935045400718767,-0.03779841000556877,-0.0011543556191895288,0.016397453004326046,-0.004747481292240785,-0.034040262363705165,0.008260752128963933,0.04769309957105211,-0.0015768461034599834,-0.01907216818564894,0.014299655307277281,0.006492446679045916,0.007200312819295895,-0.001987543628282842,-0.016731222171843085
3,1.3248392227429595,4.618677948496952e-06,0.006756870599671405,0.2272261575074964,-77.2672403364948,-77.2672401667616,0.013368347625829669,0.03549013023970354,-0.0974470468339595,0.02079750423075641,0.07311813766671946,0.0024931216738414558,-0.028602647462273728,0.005672884684897489,0.060429169786771486,-0.012229934656539071,-0.09259238805556216,0.002429273315133096,0.0344937528633209,-0.021110205446309992,0.002838347937696925,-0.027827022601072615,-0.0005785590894571771,0.029257134120502307,0.020816330688432805,1.2880930049252726e-06,-0.005182829786475329,0.001661448067100224,-0.01020859626445303,0.00041865392047579775,0.012968996539329813,-0.010946947171638355,-0.024093012547241277,0.012526122564162856,0.011980264208962949,-0.0021347052226834418,-0.011745449098332195,0.021885242401876503,0.044040799636913874,-0.03622744876069284,-0.012711251267751623,-0.01304890600099018
4,1.3248430534021605,1.5610275875047819e-06,0.006756000562598662,0.1385805844495556,-77.26724459037115,-77.26724453300447,0.040139931112634475,0.023349328662705296,-0.07192223986523737,0.016181521582339264,0.03272347485104893,0.0022684299774591715,0.0007166112425906201,-0.012753441052168468,0.003464787596281764,0.010821854493955063,-0.04287579216084966,-0.0016186588620262232,0.005012850410297753,0.019062051410434728,0.06820648983153861,-0.07287276884179805,-0.019505621711184105,-0.0003988086780295358,0.008662359865667546,-0.01336207682904722,0.03327942498351588,-0.006737084125950421,-0.034247927046146265,-0.0006606428897140137,0.01929733367672326,-0.009341528428799872,-0.03860723072712957,0.012844937309806959,0.04274681852291287,-0.002320147245894466,-0.02071263499199194,0.02234872214313033,0.027905735239807328,-0.013354911734257513,-0.008144008362049364,-0.019597139360585603
5,1.324846900579024,1.5474243515740227e-06,0.006755155731536732,0.11214398679532146,-77.26724889243069,-77.26724883556392,-0.015222058692781426,0.0278973122757048,-0.07019104157836087,0.014292828914484523,0.07009880151508774,0.001431602459660536,-0.03849477925688122,0.018003192806711366,0.07729339145651479,-0.02509150329985571,-0.0876008616679211,0.004551877122775688,0.04162257554679605,-0.04365148546476412,-0.052198138298496954,0.022892936788225793,0.015253040535197687,0.03911230883789028,-0.020488015838822093,-0.010965061928063458,0.03418937825351065,-0.00772866285972551,-0.014560926107607508,-0.001097404207180297,-0.0013586491639538956,0.0068515582421369015,0.00027390994181331063,-0.006070333323655253,0.019193744106922164,0.0009294247642530618,-0.0014341358762068879,-0.010671111704156133,-0.03550716672176746,0.03707979706236042,0.010151797390768501,0.001211857969369623
6,1.324850782732601,1.3711039390670976e-06,0.006754334960079319,0.1295695977121684,-77.26725320693573,-77.26725315654862,-0.016598364002736066,0.027139523725201342,-0.06783493307758216,0.013760803385285875,0.06907405116939846,0.0013512988671406934,-0.038553627955726144,0.018461996412541842,0.0772710754172731,-0.025484442764642984,-0.08625404174274606,0.004613921878452026,0.041494652102259,-0.044349334496318074,-0.0545641651876462,0.02538097923554261,0.01592780493191702,0.03916280210237047,0.0202152275721329,0.011428594216342125,-0.0353567022305491,0.007963584702664672,0.01573278680941881,0.0011198013443001198,0.0007085531585855342,-0.006542696224586253,0.0010288035771299775,0.005644058252119444,-0.020662516976732936,-0.0008529151717826533,0.0021407696980588753,0.009922277997931994,0.034608724257423784,-0.03667219338356187,-0.009878445822373908,-0.0005477117765233519
7,1.3248547261866688,3.2990136379822845e-06,0.006753509493534496,0.11127136796843981,-77.26725754692356,-77.2672574256871,-0.015154411228095022,0.027932287862463573,-0.07029522887665636,0.014315398868305018,0.07014583474244836,0.0014244952071730543,-0.03846829074685529,0.01799231317339081,0.07729848927065137,-0.025064893555048068,-0.08766600243275145,0.004552258407949955,0.04161401891769345,-0.043619423633696086,-0.052070471956025974,0.02275817774400246,0.015214990288154734,0.03909045794690642,-0.020492995494253763,-0.01093853139994505,0.03413234054907133,-0.007712393724344402,-0.014493650197608177,-0.0010940950180615694,-0.0013927745418600423,0.006865347526743948,0.00034575747384846256,-0.0060935878796553045,0.019119344757634896,0.0009351452066432842,-0.0014077112151298365,-0.010697466012492107,-0.035558402472799955,0.03709946285524701,0.010144955325667011,0.0012392542612975621
8,1.3248585810099365,4.688817482761465e-06,0.006752728513110128,0.12487704018660513,-77.26726188893954,-77.26726171662877,-0.016224349394663495,0.027348277483094485,-0.06847569133086776,0.013904436165616818,0.06936099541919563,0.0013612582241421534,-0.03851723568271584,0.01835227837213879,0.07729332621010492,-0.025372888682709288,-0.08663352740281638,0.004601538063175925,0.04151876941396959,-0.04416714909116278,-0.053913554158047036,0.02469126818053957,0.01573912521956805,0.03913312299147381,-0.020283392447466575,-0.011299490393232414,0.03504328076274321,-0.007895311942776706,-0.015404240486244225,-0.001111280746252774,-0.0008889044360529397,0.0066263485749371576,-0.0006645288858021514,-0.00576396499778431,0.020261901610444555,0.0008760660959450384,-0.0019571279909404993,-0.01011669580927299,-0.03486717765856806,0.036788701815017255,0.009932176503368292,0.0007236404319345136
9,1.3248624675449059,5.143468656154937e-06,0.006752000034995624,0.2287799020618195,-77.26726622221803,-77.26726603319914,0.03534908155415406,0.028606234031739036,-0.08472506308118255,0.018711033648290687,0.046851663771554086,0.002484819810507785,-0.007706514135136511,-0.008350685209317824,0.02021586524017424,0.004964519526408279,-0.06050953877890581,-0.000572905613380234,0.013971372340516819,0.008787921130756798,0.05441191548468667,-0.06528949293422626,-0.015385594945842664,0.008185368159191513,-0.012832716334624794,0.01048972418546179,-0.024608158953827952,0.0048062547251130905,0.029851337359401958,0.0003853903670685277,-0.018884648034619644,0.010522443758937738,0.03730894120462158,-0.013710721167915385,-0.03703428785050747,0.0024464022450998435,0.01964328505760715,-0.023888457694346887,-0.0346753033259497,0.020978545754441136,0.010059240241051662,0.019142728462990366
10,1.3248662090013688,5.652903615936112e-06,0.006751253261941604,0.2426056306289162,-77.2672705370767,-77.26727032933643,0.04083470548979845,-0.0018737005610118818,-0.005267601972282009,0.002211271392756703,-0.02426962674972949,0.0007189502587438279,0.027363664706306967,-0.022182693612622928,-0.05134413427312748,0.025657508031293963,0.028796914576034324,-0.004409276832252104,-0.025194345904337334,0.044773428360631695,0.08783103005842843,-0.07087280371583504,-0.025244322013285983,-0.027528967239507027,0.007748934197226887,0.017711318720674996,-0.04891923786287233,0.010457500582720547,0.03595088396826582,0.0012477475037317998,-0.013567484340968772,0.0022766046304001364,0.0288996986011274,-0.0054354798790061665,-0.045602379604023885,0.0011011508373053314,0.016608260274471043,-0.009419813017938816,0.0037583669827139232,-0.01581173083444387,-0.0009166146973792477,0.013912273937993658
11,1.3248700896628842,4.362054824548523e-06,0.00675047228954912,0.2083868648903249,-77.26727478777579,-77.26727462747331,-0.011044520921492385,-0.03541784818982108,0.09671368173875176,-0.02055557813367434,-0.074076494422985,-0.0023987889180576427,0.029891577310560136,-0.006901265371560231,-0.0629494841613876,0.013544568148159825,0.09375789823952835,-0.0026608209238547786,-0.03571611729311952,0.0235197088488222,0.0018963497678318036,0.02388007088954991,-0.0008819991039954386,-0.030600937503281536,-0.021125060479212365,-0.0009584805515325812,0.00784411687312081,-0.0022145769303696383,0.008230248885065516,-0.0004913421166421461,-0.012152619723379665,0.01078611635832294,0.022443461581863833,-0.012175097467965745,-0.009447627254557778,0.0020757479681869917,0.01074630355678785,-0.021249384874209465,-0.04406765537980872,0.03692105104414534,0.01263912743691236,0.012195671073280678
12,1.3248740767712481,1.7274605379753894e-06,0.006749777791149854,0.2776699888077846,-77.26727906323886,-77.26727899975589,0.036451224236811575,-0.009574108125371253,0.016236614315498922,-0.002416631364816485,-0.0394088777682509,0.00016226490941294303,0.03261798288870327,-0.022649805166699524,-0.06275038368309577,0.027411153515948306,0.04803937334087899,-0.004789184550303527,-0.03182454891971509,0.04780004564333474,0.08406577859649651,-0.06223918035689424,-0.02420662792388361,-0.03292508958800076,0.012018240150740267,0.017075212429644493,-0.04831042954995601,0.010441951130255589,0.03242143832925093,0.0012912913146554406,-0.010240645011635463,-0.0001984597128195098,0.022585026385894102,-0.0024961677992022535,-0.041351522933599394,0.0005921149347327681,0.013455686575087,-0.0043074493552160975,0.013275873330103938,-0.02317906504524192,-0.0036392187572599835,0.01056612358457032
13,1.3248780306112826,5.0768561875258915e-06,0.006749045457622188,0.2174236428929212,-77.26728339995685,-77.26728321338592,-0.036178751321246205,-0.027856641579317803,0.08298863640898478,-0.01835225816167052,-0.04474147891981363,-0.002443741215995207,0.006388515179008458,0.009057571014891172,-0.017618641249528576,-0.005914028441975083,0.057928580585775824,0.000746078793357613,-0.012641698108780464,-0.010381814911944679,-0.05679303606907318,0.06669822085468002,0.015993783810407197,-0.006879296667741945,-0.012216114042643,0.010974316356026526,-0.026036634236357048,0.005123446232643714,0.030639923197613605,0.00041836637081527073,-0.018985387425584532,0.010384053816363092,0.0376430381516506,-0.01361272757660903,-0.03805212562491017,0.0024395827338379306,0.0198539662886299,-0.023722518772761436,-0.03371657678341089,0.019836816523561396,0.00977635102766777,0.019252223763465803
14,1.3248819987639349,2.241748548269129e-06,0.006748394906062714,0.23674186673446546,-77.26728767187677,-77.26728758949407,-0.014623507023019788,-0.03544360563780177,0.09769707499199601,-0.020848909567089985,-0.07236662704159551,-0.002458159844675595,0.027660371016917873,-0.005035108647574477,-0.05884619100875937,0.011387797479251421,0.09178297675801125,-0.002294226805036964,-0.03373434120700125,0.019798292391144952,-0.005719990416644005,0.03015858930097104,0.001264072177802389,-0.028378506916863555,-0.02056320640215603,0.0005719232480363434,0.003660490383989634,-0.0013185164973947838,0.011396054174569181,-0.00038906356088519445,-0.013385305827110505,0.011047429113264506,0.025079863261264657,-0.01271246519938507,-0.013448529383149777,0.0021864706652381383,0.012226733080499486,-0.022172988807334204,-0.043990289751105305,0.03575276084554435,0.012606111654612945,0.013452529001498292
15,1.3248858857547408,3.5081886224133997e-06,0.006747734413309425,0.10669625908752012,-77.26729200020642,-77.26729187128294,-0.014801719738265495,0.0281152349417617,-0.07084702769472827,0.01443647971821635,0.07038802804488212,0.0014004407640864913,-0.038355067611928556,0.017920020696009273,0.07731309351704499,-0.024933956298554855,-0.0879993745359854,0.004550115346803815,0.0415820056686218,-0.043446709083585555,-0.05141422121137175,0.02207225826190018,0.01502279993690337,0.03899759927817523,-0.02052768451262532,-0.010804022284182091,0.03383259078753764,-0.00763297090656101,-0.014153726839999992,-0.0010797314171506756,-0.0015670624061008276,0.0069388482987418065,0.0007106975461068643,-0.0062112576892982,0.018732860361116807,0.0009625715978107685,-0.0012608558813980153,-0.010847295422565573,-0.03581374139583193,0.037199831395983374,0.01013333588688862,0.0013876128815277777
16,1.324889726520733,2.7524395007247907e-06,0.006747108725753172,0.2140839219872348,-77.26729630311684,-77.2672962019666,0.042039528354873235,0.001341912768400802,-0.014167147133019024,0.004088475704372235,-0.01767050679338613,0.0009516369213459358,0.02475382357270786,-0.02169215405479623,-0.04592169154202014,0.024563435172980902,0.020392612707191612,-0.004206371729232522,-0.022004077355230356,0.042833688591572425,0.08817219207784772,-0.07344118544967482,-0.025205553218979798,-0.024828618594922865,-0.00584592389438765,-0.017715747506244828,0.048468322706955336,-0.010302599359000908,-0.03688800957408067,-0.0011932389664885967,0.014725471831531056,-0.00329202482053903,-0.03110864636514654,0.006568275692213188,0.04672178141202364,-0.001298129590315833,-0.017682788160539253,0.01143768606846951,0.00022591241159375386,0.01253756389018168,-0.00026368557962993047,-0.015094220196599006
17,1.324893503604913,7.990327638202643e-06,0.006746443716177106,0.15444432432823157,-77.26730068990236,-77.26730039626338,-0.018630788782297236,0.025936908107928897,-0.06409602441259454,0.012920454433307138,0.06738351113457094,0.0011789463844286974,-0.03845801807468294,0.019167676099185182,0.07710608189536491,-0.025994951188735405,-0.08404805592539903,0.004716294831421108,0.04113976549349063,-0.04531135647344549,-0.05797190424107822,0.029023538118893022,0.0168713170571615,0.03906660554247285,-0.019725117399056247,-0.012086068236280889,0.03704286922522615,-0.00827920150612993,-0.017420990954029825,-0.0011387835176559502,0.000257154280695282,0.006055648257257795,-0.0029539762974605255,-0.0050026223123685876,0.02282261951092998,0.000744056605993304,-0.003236072838117998,-0.008727082774264594,-0.03322054687618037,0.03598585977498292,0.009355874196387615,-0.00047361913992327587
18,1.3248971991488043,1.4246615084687165e-06,0.006745855540632825,0.17599226877504148,-77.26730486332275,-77.26730481096743,-0.020480827321458228,0.024760724686703567,-0.060504309137292524,0.012119560613548519,0.06565506429146059,0.0010645855519748337,-0.038379647639776804,0.01972625245648714,0.07674286603624353,-0.02643784808803512,-0.08178870230059057,0.004783704264894453,0.04077794479667274,-0.04608872176619823,-0.061055235197919916,0.03240081763905267,0.017735382632134346,0.03896838848208593,-0.019257237679056183,-0.012686054641064093,0.03852200997453503,-0.008574210028002627,-0.018995395011256855,-0.0011641065261871475,0.0011674292683345744,0.005593265257072932,-0.0047762240800410805,-0.004381688189882049,0.024789904851557618,0.0006321466470318171,-0.004211959092243589,-0.007637667225098288,-0.03181207674459552,0.0352576657208461,0.008935946768788082,-0.001401749270741659
19,1.3249009920793209,1.2847146128791565e-06,0.006745270788868879,0.2532117186053674,-77.267309167596,-77.26730912038363,-0.017198508510282595,-0.03528415124176648,0.09795389896681972,-0.020955418439643686,-0.07072605050636036,-0.0024766276442644425,0.025843978464619083,-0.0036353232808549463,-0.05550002117061974,0.009718778818481127,0.08987035841241978,-0.0020098252670612687,-0.03210289064951066,0.01695795064676504,-0.01138294376144526,0.03469406031632838,0.0028172159697815793,-0.026584481123425097,0.020040218763104356,-0.001709779783878096,-0.0005372939443689662,0.0006433478134961756,-0.013703009878835215,0.00031503515135788973,0.014227701544792026,-0.011194088311845318,-0.026930087322763585,0.013050059315205087,0.016361917254492944,-0.0022620386515479485,-0.01325364031223053,0.022746852108659454,0.04372308236438949,-0.0347076871243619,-0.012501891388593814,-0.014308697597066433
20,1.3249048039791622,1.61834308080131e-06,0.006744682555601017,0.005917318025968005,-77.2673134732409,-77.26731341376792,0.006377263240202269,-0.031834961311892826,0.08283599140193779,-0.017165698370681964,-0.07459000759078374,-0.0017727009246802095,0.03691662394209849,-0.014842136565535555,-0.07550280093523994,0.021959383869202626,0.09368227324821674,-0.0040852625038265145,-0.0412298915867475,0.038300511187838136,0.0361605608420722,-0.0068576810940876864,-0.010715678967830565,-0.03763578788027354,0.021569468448951357,0.007794564616874222,-0.026143336583406174,0.006040618294646638,0.006873432322945017,0.0009171868598565336,0.005337489552342811,-0.008578173679606005,-0.008381008806169543,0.00856403084424795,-0.009632759716198397,-0.0014001469831941282,-0.0028622777410234335,0.01491703676937306,0.04021634442851019,-0.038649329399172316,-0.011374100313387758,-0.005209038915597652
21,1.324908632038424,3.5453018911738357e-06,0.006744156496546347,0.015336985088580224,-77.26731782571613,-77.26731769542876,0.04322971775936357,0.01506672574217173,-0.05093605991484004,0.01179695416478399,0.012524581151409878,0.001804552649650154,0.011273002387345882,-0.01739562888108541,-0.017994820432848016,0.01748438535259028,-0.017738570151905393,-0.0028685702710417177,-0.0063842175726684935,0.030444080270824875,0.08101648461904605,-0.07739984209144524,-0.022901188131413612,-0.011021586649959364,-0.002838660608484922,0.016041391907071656,-0.04183535130192473,0.008678816306271875,0.03740033352326272,0.0008983877412636065,-0.01836355009158619,0.007283557680297648,0.03761068174483906,-0.010837436030020187,-0.04699159737926445,0.0020203621413010797,0.02056283596166697,-0.018907084736178192,-0.01742099801869834,0.002797994462150122,0.00517339900481174,0.01872691769322099
22,1.3249124049535825,5.302704397371372e-06,0.006743567526989283,0.25932388944693496,-77.26732211166194,-77.26732191679125,-0.018336028946890126,-0.03516207407285228,0.09793756823504439,-0.02097226723979928,-0.06988165311352038,-0.002478370632522514,0.024981446599226076,-0.0029993631027643436,-0.05390618008441336,0.008947552197849817,0.08888227065733728,-0.0018779306729852507,-0.03132362056169469,0.01565567144570705,-0.013938444682762993,0.03670291795128211,0.003505148186089907,-0.02573664216236861,-0.019775279418889236,0.002223063087057664,-0.000875663641344282,-0.000336454696612698,0.014730309259959995,-0.00028250375815241924,-0.014586526066488803,0.011247187954734228,0.027733814751827235,-0.013184847259705146,-0.0176594428779398,0.0022942237900027695,0.013696394815965185,-0.022975007527702318,-0.043543017667949435,0.03418671262573003,0.01243389010388869,0.014673146525616576
23,1.3249163158059285,2.0257317293584264e-06,0.006743063391813711,0.20501971649639544,-77.26732636593941,-77.26732629149518,-0.03691704715093713,-0.02705893752958838,0.08117070458992826,-0.017948338008880516,-0.04253804559455669,-0.002383016776206559,0.0050490486247752875,0.009738821130623534,-0.014974330566914176,-0.006867312763533445,0.055286354423557386,0.0009267520530208545,-0.011347864232464477,-0.011898586330126793,-0.05914493651904218,0.06803151353103609,0.016470393900106538,-0.005595172780818711,0.011586630451670743,-0.011443070265207078,0.027412274548219928,-0.005430989710583978,-0.031389605847725044,-0.00043591128729403295,0.019031689059663348,-0.010250972493269783,-0.03794318072477887,0.01349241824333014,0.03902200736889655,-0.0024364943951957763,-0.02001358930557018,0.023530136537763036,0.03271376848879903,-0.018666158738505523,-0.009468495300458884,-0.01931045662975195
24,1.324920125656782,2.98182869730681e-06,0.006742546236106968,0.007490919292621236,-77.26733069147699,-77.26733058189686,-0.006267058989145646,0.03187254574992486,-0.0829625036548084,0.017190229650013183,0.07461635817029516,0.0017554536631725903,-0.03684293007130013,0.014818374709319265,0.075461362522757,-0.021899711953768164,-0.09373557570310655,0.004083413780980177,0.04119177911823191,-0.03823267245905469,-0.035915240146214486,0.006627692246013561,0.010660969532609449,0.03757751383412049,0.02156387961131645,0.007744865831567749,-0.026034828338378446,0.006009514996072607,0.00675451265014293,0.0009130198932711941,0.005387098838972371,-0.00859901679468611,-0.008500087233276776,0.008597396384288247,-0.009501163723587724,-0.0014102142543745977,-0.002899058360116058,0.014952185089557202,0.040278942113573635,-0.03865883147053317,-0.011351383052993574,-0.005246832180813232
25,1.3249238815174285,6.269973435627208e-06,0.006742082900983915,0.2603179253587899,-77.26733505649868,-77.26733482608152,0.029822505282029788,-0.017269270381571625,0.03821837339585539,-0.007216455811580258,-0.05345377690987841,-0.0003901701918725964,0.036368078299637646,-0.021999706222285795,-0.07161298284642564,0.027797950774836128,0.06598559149609165,-0.004965323742134792,-0.03708490929378638,0.0484650565455058,0.07555930986366728,-0.049687169251077634,-0.021727894527855042,-0.036809206479082486,-0.015884805348576503,-0.015470845614781625,0.04509144147393007,-0.009845356947456585,-0.026889345008717036,-0.0012491262881171306,0.006124035231027669,0.0028084870348685786,-0.014624077854216044,-0.0007836417240715265,0.034616924060962506,-1.1878071471072005e-05,-0.009414174699613476,-0.0013139315081470704,-0.02275342567752059,0.029803943488687423,0.006248711035814664,-0.00645293358260457
26,1.3249277193235278,7.729352236682986e-06,0.006741565651062669,0.24603713861808552,-77.26733935291112,-77.26733906886281,-0.027740660504410097,0.019201956428971545,-0.04386964022170449,0.00845392147447635,0.05676666577885906,0.0005438987015316255,-0.03706335593384069,0.02160320122192179,0.07333251881511907,-0.027640318057684854,-0.07025462445777948,0.004959179319674503,0.03819640705690541,-0.04819857921425201,-0.07251140688075038,0.04579400596452343,0.02088138024228449,0.03754545026611593,-0.016797137006503426,-0.01488894163002552,0.04378543994752482,-0.009593904572137824,-0.025131462319448794,-0.001232376058372786,0.004952930224660257,0.00350081995702034,-0.012314929649162032,-0.001667124745271309,0.032448780628244994,0.00014661247691361012,-0.00821903094765375,-0.002847430220749625,-0.02511382269740814,0.03132426704691227,0.006918233584958654,-0.005270924019496803
27,1.3249314875147173,1.3379322753962698e-06,0.006741107066312671,0.1408592586159948,-77.26734353269195,-77.26734348352387,-0.004303386024182898,-0.03466068786190406,0.09305797464139344,-0.019571994858201464,-0.07565820016133695,-0.002127094951579589,0.033127150242494824,-0.010252036328271291,-0.06913529961357588,0.01709861244279101,0.09555134523908093,-0.0032859818289807247,-0.03856972849447171,0.02991221678723719,0.015413415025890997,0.012219346691573207,-0.004892637674806188,-0.03392301327312838,0.021673768020243678,0.0036707553488459777,-0.01527232535122347,0.003755562903618781,-0.0024495915464285423,0.0006752698502103804,0.00966431371355192,-0.010134075307770107,-0.017356893400395368,0.010984818360044946,0.0020798980659057775,-0.0018646175509891005,-0.007762121708696945,0.019108527259271924,0.043427380777417035,-0.038316341288765265,-0.012275513819823999,-0.009608814325020254
28,1.3249352321394579,3.7795677268007924e-06,0.006740676710744725,0.2671581375190658,-77.26734789074271,-77.26734775184623,0.03865323026435391,-0.006042604817486474,0.006153253484958675,-0.00028752965857808954,-0.03262242609112756,0.00046757156705180825,0.03023196005430448,-0.02262869802229482,-0.05789147761896402,0.026744722189639553,0.03931203440465213,-0.0046848396204015735,-0.028713727268082634,0.04658180899890281,0.08637665399487682,-0.06662865558163888,-0.024600114472647636,-0.030421161807521246,0.01003577247906462,0.01745407948724642,-0.04887357015573934,0.010478974593739698,0.03421726543908429,0.001235658732640088,-0.011791955248050323,0.0010028962291579457,0.025660046454801355,-0.003862370710271734,-0.04359448352447673,0.0008339287533405404,0.01502973760164572,-0.006803885201827065,0.00895835021446123,-0.019890158716130202,-0.0022758724291818723,0.012185586000495685
29,1.3249389155252815,3.845482980284487e-06,0.006740231134124498,0.20921700833722998,-77.26735215767106,-77.26735201635223,-0.03660495133808345,-0.027300236188704988,0.08179845392913915,-0.018046306116658112,-0.04320363364118491,-0.002374420842681496,0.005460908702502515,0.00949016799512073,-0.015804698848161214,-0.006573702042962509,0.056170169895184405,0.0008791880527550255,-0.011846558524167383,-0.011302876827611386,-0.058441044604041495,0.067610609319396,0.0161464087671983,-0.006057477687014909,0.011794623551439232,-0.011287401252033424,0.026930294541156696,-0.005326687506272743,-0.031146106854249067,-0.0004081377754423521,0.018970507130330994,-0.01032230789012245,-0.037867571947464485,0.013524658126603528,0.03870468494364554,-0.002448577393656892,-0.01991898233679823,0.023595810180223054,0.03304242817626912,-0.01904411896530256,-0.009544679127464005,-0.019248435600861757
30,1.324942778944901,3.2621888453718385e-06,0.006739813704873613,0.19646348175624473,-77.26735646041666,-77.2673563405335,-0.022350248118441718,0.02347577240849011,-0.056563174353734466,0.011250895074768591,0.0637036271128278,0.0008904506028738768,-0.03809208692583191,0.02032091261122372,0.0762256105538244,-0.026812073489735744,-0.07924649141971271,0.00486724458526909,0.04020297932047967,-0.04678689849025959,-0.06408883837473732,0.035800534138767715,0.018533077777434494,0.038668706986530445,0.018683282208069363,0.01326305296768604,-0.03997555295528965,0.008837710687586764,0.02054296693253288,0.0011713990291946086,-0.002092200153116064,-0.005086934049808978,0.006627290494699345,0.003738927463634356,-0.02677343771631363,-0.0005220401496013327,0.005256902500409666,0.00643336900835878,0.03031415015706118,-0.03442462270658453,-0.008379017142455453,0.00238475342393607
31,1.3249464667052995,1.5981891934217175e-06,0.006739433702792184,0.0615563126425887,-77.26736073163444,-77.2673606729021,0.04201613486659267,0.01917336872949263,-0.06164531571506784,0.013963738093229733,0.022288418183329755,0.002012635352576439,0.006289596626319727,-0.01529695628143854,-0.007893269977815684,0.014462163980969556,-0.030080747842188296,-0.0023252761091288737,-0.0007585913306156211,0.025049061194410978,0.0757272506371422,-0.07597304223650991,-0.021133143983619908,-0.0058760241877040265,-0.005697884171860901,0.014890892558946156,-0.03804932959295726,0.007808059344678764,0.036224276679912126,0.0007431740262326958,-0.01889531144325196,0.00840578175193829,0.03848425037973602,-0.011890973100450397,-0.045393752407701105,0.0022021970618801845,0.020770359210152023,-0.020777804267776756,-0.022633828212647256,0.00790575016073003,0.006650605684680745,0.019253536337755173
32,1.3249501529937495,2.641769840781194e-06,0.006739036402019718,0.27509608881730757,-77.26736501631406,-77.26736491923086,-0.028327012195139,-0.03259972209559324,0.09376888409426153,-0.020324439527952043,-0.059165226151670865,-0.0024958293208681426,0.016045035989997458,0.003190901091852355,-0.03675348421464817,0.0014128485731466356,0.07592894650421894,-0.0005534898635495417,-0.022738029474536958,0.002665813182399796,-0.037168716320366196,0.053931596634497314,0.009979287468800849,-0.016797364374813974,0.01652447371561805,-0.006922236008234162,0.014125922728602469,-0.002530361706838624,-0.023687575477354228,-4.678517683287531e-05,0.017388322501836306,-0.011254174967635366,-0.034044348039051764,0.013898444766814122,0.02907737293558192,-0.002476102689265014,-0.01738214453499687,0.024222831414160484,0.040008987485108616,-0.027898734742430875,-0.011436217896519024,-0.017567674308561765
33,1.3249539873108023,1.7554980222314498e-06,0.0067386743943818415,0.01229611541400603,-77.26736931387369,-77.26736924936036,0.04282538939109726,0.016539426309576735,-0.05488888796202496,0.012563898941355789,0.01596910792073994,0.001875544975494789,0.009510538997730716,-0.01668425744383932,-0.014487950751015582,0.01645409258701841,-0.022171574868590282,-0.0026992280000143476,-0.004302529061135818,0.028507797001536595,0.07934761871650237,-0.07705139085608526,-0.022160498919419284,-0.009147096978938896,0.0038749861529479013,-0.015657960090397216,0.04055119271736074,-0.008376874931582456,-0.037044810927144955,-0.0008213642636500929,0.018544429372722382,-0.0077237344295830734,-0.038004653528093346,0.011223384244351875,0.04651769269624616,-0.002095857873892326,-0.020654659378464224,0.019628854919045646,0.01929342583075,-0.004611265459977254,-0.005720042168165625,-0.018922742882472532
34,1.3249576835723014,3.1389337366647397e-07,0.006738323287051565,0.170518950758459,-77.26737356321371,-77.26737355167835,-0.02000691967881968,0.0250633669859973,-0.06135841940519773,0.012315013443033596,0.06611154912679423,0.001013262000729348,-0.038234797293929146,0.01967801771675866,0.07691103301288416,-0.026292233785753766,-0.08239461323348764,0.004802592751659451,0.04073788254330646,-0.04590804139934644,-0.06022107158087639,0.03148105477217533,0.017449720803275295,0.03885260322079896,0.019321194415046317,0.012508933986704385,-0.038161275643201376,0.008466488937665995,0.01852610573876029,0.001136633956039912,-0.0009098707818053775,-0.005699670505851406,0.004254945192107118,0.0045619773657861185,-0.024280849745746652,-0.0006740138343499513,0.004024841336098817,0.007843412719772846,0.03224526873970479,-0.0354646312727942,-0.008897932193639855,0.0011984415897007272
35,1.324961359409947,7.686199530240856e-07,0.006737967715191017,0.09105779075667511,-77.26737786806498,-77.26737783981874,0.00010932222222603816,0.033785717862704054,-0.08967814048661343,0.018743271465640227,0.07574736536431523,0.001943486245402165,-0.03473819703637493,0.012189619837473936,0.07214019188011705,-0.019098114160831597,-0.09550994116764192,0.00363749968892825,0.03984273907132274,-0.033469465989681056,-0.023600513846774654,-0.004859021561984589,0.007256704092840668,0.0355574765189382,-0.021753901890658955,-0.00530157720005997,0.01966879244219011,-0.004661589056420556,-0.001151896212441772,-0.000773914799321318,-0.008025493426910835,0.00960161982304042,0.013999516178909044,-0.010120762824838203,0.0024965072112710374,0.0017085368710842985,0.005836898381111233,-0.0175584574414841,-0.04251241284386564,0.038724848817720314,0.01191380381967417,0.007909482151002512
36,1.32496511420504,5.017663279070917e-06,0.006737641287688266,0.24864439818011122,-77.26738221288701,-77.26738202849138,-0.01637569257112842,-0.035296387761192496,0.09788078737643308,-0.02086682262476619,-0.07110020433429706,-0.0023763534039019374,0.02619955336529939,-0.004123295245934036,-0.05642008217795773,0.010133638404467571,0.09043924021152161,-0.002094984849136422,-0.03257995390615687,0.017905027756755752,-0.009936785342212581,0.03348927733227147,0.0021756193731478843,-0.02705258160323154,-0.02015078383391722,0.0014054680579751455,0.0014643430765494125,-0.0008151994028082754,0.013106028974241402,-0.00035511299727919443,-0.013938505662522083,0.011186277741140449,0.026482782057673737,-0.012958607873952643,-0.015554441154720017,0.0022663478241289337,0.012860900964487776,-0.02254213793523996,-0.04384084423416956,0.03500219580871633,0.012398804316602247,0.013982484273097562
37,1.3249690317671072,6.941555966932356e-07,0.006737336964258857,0.05329250330438088,-77.26738644525705,-77.26738641974731,-0.043401762925959875,-0.012863823091004853,0.045333808221498226,-0.010565671247529523,-0.007418843542804726,-0.0016752820110807615,-0.013655397797869118,0.01833422217264047,0.023058443826566008,-0.018902733747764466,0.011454721787785725,0.0031672609183479583,0.008923807816614282,-0.032751098502939155,-0.08324075737280093,0.07760175790250656,0.02324482117631483,0.013356526417463196,-0.0014232975520249713,0.016493077877681728,-0.04339841416397072,0.009031821393295392,0.03770479157320422,0.0009114853914660159,-0.01786231925168069,0.006737368058653548,0.036936743683757434,-0.010210464938833264,-0.04747568413513159,0.0019318142227056079,0.02026590433626918,-0.017890710439565027,-0.014649244917219306,0.00019835601297479855,0.004431157065157079,0.018267615783262414
38,1.3249727790376848,4.380657669250354e-06,0.006737060393949543,0.2682308874744951,-77.26739081849067,-77.26739065750455,0.020341708163150007,0.03482787805909325,-0.09767445607515908,0.020917556262212367,0.06808240804630777,0.0024260029283246914,-0.02324003648141751,0.0018563200703231447,0.05078810265528106,-0.0074640728538485634,-0.08684244725488316,0.0016274043791908999,0.029824445769946806,-0.013285474700779773,0.018739194545174864,-0.04037960086003478,-0.004638684220075802,0.02409375156716266,0.01921890669721482,-0.0031784604848565934,0.0034702824533351384,-0.0002421498989966242,-0.01662651917340152,0.0002361690526770932,0.015180556059087857,-0.011340693974811966,-0.029197413983625964,0.013402911060614753,0.020033220463042012,-0.002363069309000654,-0.014425194763797222,0.02332493485278264,0.043118635035985786,-0.033135029154126805,-0.012212481682754399,-0.015264603249371955
39,1.3249763322159098,3.990968927311656e-06,0.006736741934961168,0.08084669707129706,-77.26739508013623,-77.2673949334709,-0.012853461722740711,0.029093902973952493,-0.07388235635839141,0.015112491879920309,0.07161971316344326,0.0013733862478605419,-0.03789760299209108,0.017376376750265196,0.07721333655094159,-0.024248574057986277,-0.08969338454951037,0.004497583289639687,0.04148093793477248,-0.04241472261616676,-0.04782416604987816,0.01840620895812939,0.014018114278019453,0.03862221631984861,0.0207694281940195,0.010084190646425073,-0.03213048865967705,0.007232570175095709,0.012358443276433206,0.0010248390598215362,0.0024924480212038524,-0.0073507555570579974,-0.002640696498119044,0.006822883710238203,-0.016597935728710128,-0.001093474134612915,0.0003771190630290633,0.01176310157612892,0.03708604169665808,-0.03769444916359088,-0.01025704421321949,-0.0022462214640722733
40,1.3249798636996937,2.9648971581281106e-06,0.006736490136014932,0.2247398418996558,-77.26739936093243,-77.26739925197452,0.025212074808547424,-0.021316508838527565,0.05004203632088681,-0.009823468295203919,-0.06028052567103494,-0.0006580624920457245,0.037542543981228915,-0.02111093235039807,-0.07498890752474913,0.027300224708439708,0.07479029888830707,-0.004958703965371347,-0.039148392144377375,0.047647523844079,0.06864087262153135,-0.04108298305864544,-0.019729855872416616,-0.0380772349602347,0.017709281128543197,0.014130336033393975,-0.04208175950162352,0.00923280543700411,0.02294511239648922,0.0011867151323003977,-0.0035636709112680798,-0.004259731782799703,0.009576982899687447,0.0026849557470856045,-0.029804490775898723,-0.00033498705638335124,0.006855285179817372,0.004527121298575465,0.027738417041994978,-0.032918656581184536,-0.007538347169760463,0.003914631484024822
41,1.3249835212160235,4.311827105183852e-06,0.006736216931519928,0.16828979908964944,-77.26740364932303,-77.26740349086639,-0.042936736700786904,-0.005258311731048168,0.0250798350805322,-0.006307867353421731,0.009430470286034234,-0.0012351665703443648,-0.021185544566402953,0.02086381764447902,0.03882066041295765,-0.022945652472085742,-0.009784656830727335,0.003952158194192978,0.01760033054375376,-0.039812736556571804,-0.0876712801190902,0.07577547054899791,0.02456141718782185,0.021053793001711285,0.0033916830937320563,0.01750172118608062,-0.04732422980178608,0.00996925041725949,0.03758338795068131,0.0010629533601029806,-0.015894850932551607,0.0045589589554042576,0.03347971989001031,-0.007867258570720126,-0.04756841344354065,0.0015365809457301705,0.01877595160790424,-0.013847436146827152,-0.005089296166579604,-0.008374775615627605,0.0017717814982000854,0.016334271772521447
42,1.3249872308246533,6.998036580861822e-06,0.00673599918720186,0.046322991395435324,-77.26740799671742,-77.26740773954445,0.01028166667949204,-0.030275609940254147,0.07767870390863764,-0.015968365416596575,-0.07299651583656908,-0.0014806257879476648,0.03748635153528648,-0.016456991425880058,-0.07674818552734847,0.023356877503996565,0.09156408878316794,-0.0043603359426653415,-0.04142618813812149,0.04089652988354013,0.04316050517147044,-0.013730342164036236,-0.012731501463999408,-0.038250061822135986,0.021114621557486002,0.009166722490885126,-0.029803547121774243,0.006749016112114203,0.010122396466192174,0.0009787495708744043,0.003652366892155534,-0.00787058826391851,-0.005018953386659364,0.0075577128304414876,-0.013808805227640136,-0.0012326656455581286,-0.0008831869284104954,0.01303170060032921,0.03849548959596394,-0.038190530463785066,-0.010641426065847455,-0.0034190730128480507
43,1.3249910237203744,3.3998762689179785e-06,0.006735761303278784,0.1888144381357921,-77.26741223389085,-77.26741210894777,0.0425519136704533,0.003573586932883524,-0.020532640434547812,0.005341670835306317,-0.01302725590707005,0.0011343455973183703,0.02267252481899587,-0.02128054968327693,-0.041993195156973834,0.023673075955164435,0.014326041238510067,-0.004099885239150822,-0.019352178547639376,0.041079021765076634,0.08806546836668509,-0.07488700673227888,-0.024670844346112802,-0.022574093133329545,0.004410032515394624,0.01760530178408226,-0.04786703847851059,0.010105768631285317,0.0373093875898087,0.0010859241661622665,-0.015359956019891152,0.004059934115201669,0.03251154252283883,-0.007306566376890977,-0.04727954120193553,0.0014411361745185758,0.01833100995231174,-0.012885335952369514,-0.002979353095694748,-0.010180288702209772,0.0011902536652126337,0.015807788710684223
44,1.324994674705095,4.7773054149359955e-06,0.006735551841894657,0.18458568777696946,-77.26741654568427,-77.26741637012162,0.008383096697234471,0.035170448502802154,-0.09551791315193756,0.02015344376393924,0.07474161425536954,0.002154871819132237,-0.030938452542999928,0.008340526477718352,0.06544443489355123,-0.01484986463981125,-0.09469911381590893,0.002924557426643895,0.03685376489835002,-0.026191995308809488,-0.006844730015128225,-0.01960198817669556,0.002638519888817796,0.031838779027756045,-0.021316867477408463,-0.001964283045263082,0.01075390984914859,-0.002771930493676411,0.006137643324282849,-0.0005787033771000871,-0.011177459658248345,0.01059964127727131,0.020669049903159764,-0.011762041563675996,-0.006683195596131952,0.002036526177160658,0.009483291472863087,-0.02040450308612285,-0.044002250416087296,0.03754500772014158,0.012314697125963473,0.01112146786371826
45,1.3249982942191592,3.7788616176186453e-06,0.0067353464734211796,0.05251760129216499,-77.2674207908056,-77.26742065193507,-0.04334531381499224,-0.01288306508523776,0.04546961665128227,-0.010561331004135893,-0.007453401414514012,-0.001674697968590183,-0.013596452095704037,0.018323959335273837,0.023024756439923244,-0.018887632887860606,0.011564335460691726,0.0031810361172468216,0.008784868272082802,-0.03264469533409686,-0.08325047191016076,0.07760586153059479,0.023092867037869107,0.013249760670279817,-0.0014623782177032307,0.01647920612060294,-0.04335435962406897,0.00901678869806899,0.0376854029165575,0.0008884582265700214,-0.017827239147598872,0.006771082606857881,0.036952931389793386,-0.010211569919875041,-0.04746781481743151,0.001939781992393419,0.02024906474036925,-0.017927034967965216,-0.014676727815389423,0.0002353338467386834,0.004459158141379642,0.018249915830702235
46,1.3250020174472794,2.537714637333011e-06,0.006735171420478898,0.2020138068707965,-77.26742506488709,-77.26742497162785,0.022892026396745813,-0.02308098301684107,0.05529378528458003,-0.010983168667390825,-0.06309429124438024,-0.0007804794565952899,0.037858758247161894,-0.02055433534902798,-0.07608356331309843,0.026890536356471928,0.07845282968342862,-0.004920194665347544,-0.03988412224086546,0.046970070895474,0.06493492323274534,-0.036774030092132204,-0.018693290968644832,-0.03844447108229379,0.018457853494454945,0.013410179972091374,-0.04039841772969677,0.008887870928767194,0.020944911933366117,0.0011545826815064775,-0.0023449490102238624,-0.004920746836825529,0.007139877275740614,0.003559866937219547,-0.02734782525815055,-0.0004969697579479959,0.005610404111818568,0.00601624959507574,0.02990109831308896,-0.03417104646203217,-0.008102769405556744,0.0026998292173090466
47,1.325005616007174,1.2461083060287592e-06,0.006734991430479617,0.24239142658105717,-77.2674293310905,-77.26742928529688,0.02728166339744925,-0.019586209921335876,0.04486864567158884,-0.00870003518827231,-0.05742869276344845,-0.000484568370680144,0.03697776389142968,-0.02161888666741868,-0.07373710856930399,0.027563394150919324,0.07108431673034395,-0.005007916572283749,-0.0381783402813165,0.048096626146637775,0.07183245908607766,-0.04494444597022773,-0.020547153524783257,-0.037471511245418726,0.01689656216603652,0.01473331777447684,-0.043508575652167036,0.009497006519133322,0.02468256722632825,0.0011922861887505576,-0.004666285884155963,-0.003610366122817954,0.011788246929903545,0.0018704939338411997,-0.03198988059493535,-0.00018935142033082997,0.008037209308348281,0.003060519147219054,0.02565907225287134,-0.031634986043203916,-0.006876157430269335,0.005058321700971202
48,1.3250092140626926,5.941512403083494e-06,0.00673483520400504,0.16255251849456956,-77.267433691252,-77.26743347290555,-0.0062201232593485645,-0.034921773411220214,0.09430863579073821,-0.01983988726523392,-0.07524182558144968,-0.0020725067330772118,0.031978099760857914,-0.009412390521662262,-0.06742796901178141,0.015998270213872012,0.09524778753708733,-0.0031289940428217283,-0.03774422030272717,0.028224310504075423,0.011214962084372018,0.0158278608525646,-0.0038961085268367363,-0.032894128087444435,0.02148856812099753,0.0028376796517424197,-0.01314048755221775,0.003267432615992938,-0.004271394170568932,0.0006335717730867607,0.010380560164373165,-0.010381488407401607,-0.019018848950218326,0.01137694173190995,0.0043057071775689515,-0.0019659308688755317,-0.00852427389198418,0.019709964506599342,0.043784361241603786,-0.03798922874129751,-0.012200468757939398,-0.010292665643379939
49,1.3250129426484873,2.6572787207697957e-06,0.006734695899552177,0.2570059357139481,-77.26743793624524,-77.2674378385921,0.03202972668297932,0.030614056495764985,-0.08962292658725643,0.019487501103875926,0.05280181964501639,0.0024026797623911272,-0.011587938370514361,-0.005866235235096509,0.028074863964080432,0.0020366272657980355,-0.06824593949242434,-7.035763264716388e-05,0.0184117234082386,0.0031224352400588753,0.04680024825037392,-0.06037764009036617,-0.012426136653315593,0.012415492243056006,-0.014656697075087544,0.008865047605626009,-0.019699138871280386,0.0037556757558796505,0.027136760755049172,0.00016413678411830723,-0.018155677060665676,0.011016604348541792,0.03607488368389522,-0.013869767261183719,-0.033499057511137326,0.0025135411571537425,0.01854456882451405,-0.024189799123289335,-0.03743118671804213,0.024381896816541015,0.010670443925209726,0.018377763964157023
50,1.3250165367676454,1.8702326436880413e-06,0.0067345609176549795,0.012903481719194396,-77.267442202211,-77.26744213348125,-0.005917965711405293,0.03198607824067827,-0.0833486183066623,0.01725411756210224,0.07466187521383569,0.0016303146018296633,-0.036451700718613006,0.01480034088308245,0.07532132863759078,-0.021664178473205814,-0.09391226460994323,0.004098098601665517,0.04097401613730978,-0.03803527404979717,-0.03499246354923545,0.005805711203802133,0.010499244322148077,0.037291340014829505,-0.021503585845895512,-0.00755483359681608,0.025676565178057054,-0.005880926184325785,-0.006296005678017413,-0.0008948200649654403,-0.005550698351984185,0.00867475372763682,0.008956364251252125,-0.008721306580924515,0.009036857671543996,0.001458584963841103,0.00295961436947767,-0.015028774196431338,-0.040530162732582475,0.03869690259365566,0.011168002072084134,0.005333468404397745
51,1.3250201583410295,1.8958749251652308e-06,0.0067344407920126685,0.09038491027579712,-77.26744649032602,-77.26744642065394,0.04122220183195702,0.020639058829950305,-0.06557446265583967,0.014683001054339812,0.025871113528316125,0.0020531384204064695,0.0043310318510279,-0.014388228085387533,-0.0040107660314729066,0.013241539998563617,-0.0347490395136799,-0.0021303227075254866,0.0015935819140746599,0.022679689850097925,0.07340757140116194,-0.07507135664994058,-0.020052594609304343,-0.003745158426696975,0.006797575103675402,-0.014363837464161477,0.03634481600168249,-0.007421478803804726,-0.03557726773852571,-0.0006373882684116428,0.018923380392164013,-0.008848896452472887,-0.0386602879700112,0.012228968842285082,0.044549418606017493,-0.002279932594731582,-0.020680204817755232,0.021421669199954474,0.02453143214647735,-0.009848240716567425,-0.0071810861508128515,-0.019298639315001642
52,1.325023784636071,5.458568138550391e-06,0.006734315370098484,0.06679302018309105,-77.26745085075598,-77.2674506501574,-0.0018437175355827118,0.03326515896373401,-0.08781121749385762,0.0182820044423756,0.07550838075447376,0.0017808278483615603,-0.03522118912179931,0.01310957851041289,0.07329747199698294,-0.019918349973458455,-0.0951972719794706,0.0038077208410806362,0.04022271616274797,-0.035040271454693364,-0.02718240254879982,-0.0015214639743090785,0.00835442520554304,0.03610759935624129,-0.021680376773931642,-0.006010704380442933,0.021636993465292798,-0.0050381517755087035,-0.0027413015412359187,-0.0008137800841301335,-0.00724204392149308,0.009334785740667595,0.012474127318438555,-0.00970487082602467,0.004568851369016136,0.0016476195244390368,0.0048664271568750195,-0.016747351043287728,-0.042004623095890814,0.0387990161400813,0.011595719855282299,0.0070596628718517795
53,1.3250272322364893,4.864465815444419e-07,0.006734229771614312,0.25666761702209656,-77.26745502622715,-77.26745500835058,-0.017762553112250112,-0.03512418584793228,0.09789137738365566,-0.020855590846496852,-0.06996321713362934,-0.0023161794265426777,0.024997742941369777,-0.0033658200437776953,-0.05436299633744485,0.009115381526493604,0.08921030006275162,-0.0019293706647330738,-0.03160584778081299,0.01633855032819189,-0.013322304388222933,0.03611086727168633,0.0029043726343971413,-0.02596052656673868,-0.01979593374080524,0.0020745365455927534,-0.00031203894229803186,-0.00041048538771604193,0.014457528550677112,-0.000330042186801327,-0.014357865173850293,0.011283450185535226,0.02756804768237453,-0.013137179037050917,-0.017229850788818418,0.002327169337713375,0.01335040919842978,-0.022817610562386403,-0.0436449889449575,0.03435105414099482,0.012231946069399582,0.014391853053969395
54,1.325030846430206,1.827012265226813e-06,0.006734148315931149,0.09611639162204902,-77.26745934962302,-77.2674592824816,0.04338510598641604,0.010223027858807798,-0.03853148648041133,0.00907970011891751,0.0014295035310722681,0.001530396755887009,0.01633824108088011,-0.019345544082291166,-0.028840459028597262,0.02044776448371896,-0.004039718073725265,-0.0034987423453964606,-0.011842682165408513,0.035304053197002305,0.08535108276529355,-0.07740812950454101,-0.023571322430881357,-0.016010791666807724,-0.00023338843456821579,-0.016928152280729636,0.04499469208198803,-0.00939483896971871,-0.03784245222750965,-0.000927187257212081,0.01718804263344631,-0.006052342199221572,-0.0359302403473879,0.009424347406694511,0.047774293436296494,-0.0018146478698268798,-0.019817333660819614,0.016605287020090453,0.011322687506273965,0.002833171024962944,-0.0035566337489257548,-0.01764530411383136
55,1.3250344563656336,3.840580819220918e-06,0.006734070163996021,0.022070257038364422,-77.26746365725255,-77.26746351611388,0.005246788987227691,-0.03221630086177253,0.08413529433714706,-0.017430404739325833,-0.07483583650932735,-0.0016315164058048615,0.03621551318668123,-0.014549514308059272,-0.07503040192477203,0.02137229148649228,0.09418677755538046,-0.004059648667014221,-0.04084151923409962,0.037569122282220764,0.03366980088720778,-0.004562669686982712,-0.010154248158428511,-0.03708352822675473,0.021531524669705315,0.00729232567809901,-0.025018409555329857,0.005734462635596627,0.005682360742191583,0.0008801917661542813,0.0058366079164440254,-0.008792953680168747,-0.009572418534144589,0.008896113333477285,-0.008285828125991157,-0.0014965994790954174,-0.003257577991060856,0.01531071210282997,0.04081837364504137,-0.0387411305641594,-0.01120661671696186,-0.005611137842628011
56,1.3250381176503716,2.1808812407130064e-06,0.006734004048418301,0.2778658842232026,-77.2674679132663,-77.26746783312043,-0.03487373860563203,0.011561725298514444,-0.021510428415878455,0.0036579805140111166,0.04320529226814761,-0.00015968664692514456,-0.033368163759642216,0.022777444724856377,0.06549540993163373,-0.027613661434506998,-0.052727236049106216,0.004967538266980057,0.0327994253900219,-0.04806322414141184,-0.08242887531575707,0.059398157895747206,0.023245997898990636,0.033636042179947374,-0.012896133168654234,-0.0167090634864957,0.047747792036781145,-0.010269383507605978,-0.031073220827844417,-0.0011954101521813865,0.009131899930625575,0.0007616096453564314,-0.0206567402580361,0.0016414990915010197,0.03989216212384081,-0.0004447423601396938,-0.01258947603690963,0.003116573222690433,-0.015845307662286423,0.024981593691044246,0.004011939322451894,-0.009605591604134656
57,1.3250417127148681,2.5390827722105768e-06,0.006733937376132448,0.12273567021523507,-77.26747219491693,-77.26747210160741,-0.04026838604555005,-0.022344018937057106,0.06992261755378906,-0.015543627272575605,-0.030138042116794064,-0.002115631511237198,-0.0020103610825824847,0.013270921439576616,-0.0006988485439148873,-0.011728165440919397,0.040141868977331956,0.001856972761037634,-0.004181435285042889,-0.019960744092995534,-0.07030350332744549,0.07373197512665652,0.01903001472993976,0.0013383930677726558,0.008052114497807628,-0.013702421228835027,0.034251224077915476,-0.0069548439963809106,-0.03471269624406759,-0.0005580573921990517,0.018987699755163234,-0.009289689027968562,-0.038718027537502864,0.012606510215259381,0.043400009566213205,-0.0023476755401705685,-0.02056463473646275,0.02208100965681359,0.026724648696959008,-0.012126845735387803,-0.0077762127221530225,-0.019352112305002445
58,1.325045328828899,1.588138545145057e-06,0.006733923125278482,0.272582413124774,-77.26747646326815,-77.26747640490517,-0.02883282742187615,-0.03222709007796501,0.09315327829754819,-0.020115588136330104,-0.05795994770694509,-0.0023874403063472577,0.015152658504281769,0.0035748129867139433,-0.03519885779067379,0.0007622113645237572,0.07467621782217118,-0.0004346830209699115,-0.02211096639289245,0.0018675057486169482,-0.03904593370511662,0.055144512082308195,0.010068501227408572,-0.016086363474438217,0.01619435837633587,-0.007272123352822568,0.015032515472324981,-0.0027530001864810583,-0.024331827456301358,-2.5152355469737486e-05,0.017433794380256717,-0.011277319985044887,-0.034489999160084106,0.013898058619960296,0.029870520302382575,-0.0025166397942550933,-0.017460600588249164,0.02421276165248709,0.039608721838948924,-0.027312610601821774,-0.011202011160699625,-0.017609446001464635
59,1.3250489385530775,1.8382075373693853e-06,0.006733899633332499,0.27721191240199916,-77.26748075759573,-77.26748069004289,-0.03422996386383065,0.012372363605883369,-0.023805207876947863,0.004158740204222744,0.0447086452734726,-0.00011171499568203569,-0.0337750823243432,0.02274651996608852,0.06649482360977682,-0.027683545499331136,-0.05464888239773438,0.004996132993729557,0.03336200781728316,-0.048191757548759984,-0.08163649622072149,0.05816784366600114,0.023013111101032623,0.034062462489865664,-0.013305475991111981,-0.016559646925310423,0.04747219908103173,-0.010216732194451517,-0.030528523143826314,-0.0011906634941847294,0.008714297279495131,0.0010326519598626849,-0.019849422570670683,0.001302252578766705,0.03923941613747431,-0.0003838672415668043,-0.012192343662224658,0.002543897330256617,-0.016852843017733488,0.02569800198952965,0.004272204641542994,-0.009195402756876359
60,1.325052594231369,5.534951673342903e-06,0.006733875362159282,0.12868919241878893,-77.26748511947112,-77.2674849160655,-0.0165807773389951,0.02713833987573605,-0.06765943701433089,0.013723471741188459,0.06906131191935605,0.0010761131071591046,-0.03796353496528654,0.01875054152079815,0.07742993870160161,-0.025344385321317914,-0.08632083627731713,0.004723767058490175,0.041047903058206936,-0.04439802854479319,-0.0542625353744078,0.02511732282622048,0.015768671506218093,0.03869215352149227,-0.02002739092869421,-0.011328240329226524,0.03536599268044005,-0.007847825707284928,-0.015465121425651485,-0.0010613315889482777,-0.0007835960386448626,0.006524288157582658,-0.0007958303571677927,-0.005717969942800938,0.020579483389310094,0.0009032765701371126,-0.002346386906531883,-0.009707558308320596,-0.03484521055449452,0.036723169523956045,0.009397148516306596,0.0004331032500342058
61,1.32505615681292,5.980079653511439e-06,0.006733869548123273,0.11138243732032357,-77.26748937886576,-77.267489159102,-0.04058313253827878,-0.021727572196358402,0.0684177490563988,-0.015221448442498148,-0.028581056232640317,-0.002083416973752736,-0.002844745574532348,0.01367156418429484,0.0010212762045806317,-0.012284072961680936,0.038230074073699036,0.0019662321200950433,-0.003318383852376039,-0.02089036468547127,-0.07148379816928695,0.07425178336936811,0.01929735485647334,0.0021619577619392677,-0.007612498529318779,0.013942413062359549,-0.03499821592393626,0.007121537231480124,0.03503066377475639,0.0005709284992159169,-0.018939128805308014,0.009153106683995826,0.038720997681855884,-0.012471786481138003,-0.04382842563057071,0.002331319773805962,0.020586375988545846,-0.02186057506588701,-0.0259414860468814,0.011315500595740602,0.007562817175345925,0.019316456015939565
62,1.3250599333692181,4.940734114455836e-06,0.006733927607299593,0.06405873109969144,-77.26749370117376,-77.26749351960522,0.04174652352964231,0.019217163580596358,-0.062073770185139696,0.013921621931133554,0.02237195718060873,0.0019748770908438046,0.006128422942811712,-0.015211601999530172,-0.007759142702588845,0.014408580493578793,-0.03046069112297828,-0.0023661498615253213,-0.00026524423466689484,0.02460592208534605,0.07573170342923288,-0.07593990466250844,-0.020522749724026512,-0.005507517770784752,0.0058198200074146555,-0.014833954179820363,0.03783851790826964,-0.007755918460829125,-0.0361395146870952,-0.0006567875661240841,0.018738172622990934,-0.008526599961388825,-0.038530696013498456,0.011889434262983944,0.0453246620782279,-0.0022380484185209326,-0.020648543248090512,0.02087040935376583,0.022732373012441798,-0.008042965184470674,-0.006695002603691054,-0.019145358922567635
63,1.325063426737937,3.362853100617258e-06,0.00673394214107895,0.27627238337308685,-77.26749794117211,-77.2674978175896,0.03643858010579176,-0.009397863868491535,0.015287502088343771,-0.0023398597052342873,-0.03914250280942984,0.00033394846739920325,0.03206736726883208,-0.02285568908033725,-0.06274324092129978,0.027343308952503864,0.047490362907619835,-0.004919943351830144,-0.031020669048887672,0.047538421746556085,0.08430326512523276,-0.06248872757301149,-0.02363272889591208,-0.0322615314079063,0.011725643544838404,0.017036761780815146,-0.04833770059898601,0.01035400209182824,0.03237250035341124,0.001172077626187873,-0.010159938818244507,-1.4600089196958876e-05,0.022706334228360214,-0.0025172879591591757,-0.04150216661150519,0.0006033603049315772,0.013624769174048978,-0.004680926851389877,0.013189851547916298,-0.023027188033315937,-0.003211568582134769,0.01066607689158916
64,1.3250669465588065,2.5255309670143335e-06,0.006733981794842572,0.044993155493116437,-77.2675021948996,-77.2675021020881,0.01022994482649564,-0.030297344868166057,0.07771830025790954,-0.01597008020536328,-0.0729869848674857,-0.0013689667161962404,0.03722631068738816,-0.0165412790914453,-0.0767588461620162,0.023275865643506588,0.09162439430744374,-0.004397866969362202,-0.04124797476383302,0.04089236438727856,0.04287597911827985,-0.01351406618815365,-0.012691149867632513,-0.03806859952859401,0.021050941343397467,0.009100100506846065,-0.029746489009423116,0.006691932202568696,0.009953474454960698,0.0009635379951666856,0.0036939708157488482,-0.00788905071978574,-0.005183356316764809,0.007602658688288688,-0.013692502316601213,-0.0012598776879317874,-0.000818185358769874,0.012992198019309509,0.03861724557908053,-0.03822131769123249,-0.01046421994472866,-0.0033910605601279453
65,1.3250705432600831,4.155545730972677e-06,0.006734013582002785,0.25807020472308856,-77.26750649920886,-77.26750634649545,-0.031708797123819576,-0.030692156204713272,0.08990818741001802,-0.0194820210214611,-0.05305927780891628,-0.00234685221020689,0.01176214359120445,0.005666834095793702,-0.028503125642744813,-0.0018775227608187617,0.06870566896757939,4.7004634864247774e-05,-0.01875601890437051,-0.0026509544336171045,-0.04639533865326245,0.060062216219253894,0.012029885383868878,-0.012709875538677674,-0.014758527271919064,0.008760868389600773,-0.019337418913943583,0.003691011861727933,0.026960163793385117,0.00012364914702045482,-0.01803603187145475,0.01107506037572148,0.03601147444785502,-0.01386906989079717,-0.03325802401513167,0.0025355820087369363,0.01838152681723937,-0.024187615760707604,-0.037588531429240124,0.02459109035519713,0.010649547217131742,0.018255244739572074
66,1.3250742574074932,8.03463579603374e-06,0.006734073007944306,0.045605671839143984,-77.26751087703138,-77.26751058176411,-0.010280238694316046,0.030275673761100283,-0.07764491883932675,0.01595328196182938,0.07295981982703416,0.0013565146322246646,-0.03721209921843241,0.016569113106219016,0.07677274767859599,-0.023288776580253467,-0.091594093205049,0.0044047273686361604,0.04123262957916651,-0.04092553135717335,-0.04295004602124601,0.013595202952027208,0.012715017867879846,0.038060975181127846,0.021038667788356835,0.009113662739675732,-0.029791788955700116,0.006697201658237617,0.00998556554075275,0.0009630807193321544,0.0036734554711161937,-0.007880114743187061,-0.0051484837614765855,0.007591572881581743,-0.01374128977514591,-0.0012595057368669504,-0.0007853484880051553,0.012962622355130793,0.03860045140045054,-0.03821554931128368,-0.010440446117226491,-0.003363753665741376
67,1.3250777311338002,2.691565619315384e-06,0.006734167797279571,0.2535077779670979,-77.26751507338881,-77.26751497447565,0.032322140814964206,0.030302434417040197,-0.08905730299801448,0.019311777676674885,0.05187183889264069,0.0023340410315872973,-0.010974071197871,-0.006136828261550473,0.02693745469585976,0.002477947560394017,-0.06725776508236911,-0.00015757201554289502,0.01797185165811288,0.0036750996694312615,0.04801675068188485,-0.06110964651232198,-0.012454779635167314,0.01192662860419267,-0.014413058833064762,0.00908934754709767,-0.02029420612713506,0.0039001855099034533,0.027525416092101185,0.0001448222513018571,-0.018148453651321672,0.011016305656619707,0.036313951078973394,-0.013844860263498737,-0.033989128705647964,0.0025372502589515733,0.018566684074048823,-0.024152174060838583,-0.03707985522396484,0.023939503163934894,0.010510233470667388,0.018378037761874078
68,1.3250812194457722,1.4137384711915502e-06,0.0067342424466824875,0.23230902365718928,-77.26751932462332,-77.26751927266942,0.026102584248890337,-0.02058237279854018,0.04768897983585217,-0.009344852274858984,-0.059086282566133345,-0.00047410651734014486,0.037058507580965794,-0.02146566433840222,-0.07458143319367312,0.02739564183061527,0.07322114816325306,-0.005047596045893582,-0.038459310678597314,0.04784505707381623,0.07000890649656352,-0.04275257070697536,-0.019931885534009215,-0.03759475057550445,0.017275798413653676,0.014360621258920014,-0.042731947110530966,0.009305101770010538,0.023608347422950204,0.0011497990628313026,-0.0039914098178239765,-0.003952852186208888,0.010469099225031253,0.0023614606019729534,-0.030753857714091365,-0.0002853088033591966,0.007449971295880431,0.003791129096175183,0.0269471809425621,-0.03240092226369384,-0.00705338787774451,0.004451176683464286
69,1.3250847941242139,4.767275648310942e-06,0.006734325609604717,0.1958371326245926,-77.2675236547381,-77.26752347954404,-0.009491935659885431,-0.03521722768282383,0.09603552281868385,-0.020238416369369905,-0.074211420062263,-0.002056069169301289,0.030032067728093026,-0.007844580381754965,-0.06417641059519527,0.014098827255295737,0.09425720751105354,-0.0028277502515928477,-0.03622281935783511,0.025140584331619927,0.0041110243345360425,0.02182227640370482,-0.002124563715818137,-0.031086317137128713,0.021121938948973296,0.0014265878261234821,-0.009423181666784908,0.002446843233139484,-0.00728971888232216,0.0005628136689639351,0.011557607885105847,-0.010746112713425848,-0.021694116004515984,0.011979343670884268,0.008062604416697788,-0.0021116789009483217,-0.009852948596407174,0.020702750244815493,0.04412917805578287,-0.03725278514169883,-0.012156110891889144,-0.011463015152498368
70,1.325088378353739,5.2780226718681434e-06,0.006734417168613388,0.20908891715958428,-77.2675279385361,-77.26752774457245,-0.0362757113582286,-0.027208193904320013,0.08192868055492197,-0.01790526339890619,-0.04295998644251868,-0.002255215501459795,0.005369265048891847,0.00938184900531612,-0.015667896744248143,-0.006628236780680363,0.056243278757098225,0.0009240389938223181,-0.012192704461959636,-0.010888903846135684,-0.058666129176217,0.06763265095087001,0.015431956430547018,-0.00626347812680976,0.011813225464287425,-0.011268927522100958,0.02676473380952038,-0.005310819351753926,-0.031119284621330123,-0.00031225623169883754,0.01875218402770229,-0.010435676091185231,-0.03793420863004271,0.013498417895679848,0.03866854426133741,-0.0025003665407214992,-0.019691339918975537,0.02359937225419051,0.03303524900522792,-0.0190616681169411,-0.009444028280911974,-0.019053151412285363
71,1.3250920326531659,2.6009462118878447e-06,0.006734568290683586,0.24119921205009195,-77.26753221355064,-77.26753211796768,0.03369018151122444,0.029347223680290788,-0.08692840828685913,0.018885221794067153,0.04903278953807545,0.002303621634467054,-0.009134522714436655,-0.0072183471542849875,0.023263411844953813,0.0038629442521994073,-0.06378346943406095,-0.00041385906250474003,0.016123260397444383,0.006046781650387221,0.051682967826070056,-0.06342708524050411,-0.013424978280410914,0.010092266043887181,0.013588563580228863,-0.009833816039365617,0.022477045619185287,-0.0043773044143538,-0.02878490023913688,-0.00019437046702908134,0.018378941260519754,-0.010859363893894747,-0.03694808295545149,0.013764179293544454,0.03562254469687083,-0.0025356470027084743,-0.01896677574598904,0.024028781448180547,0.035834567976329446,-0.02238760397395012,-0.010173245972654246,-0.018633513170324134
72,1.3250954532153318,6.119196696798213e-06,0.006734698424643752,0.2695596100050721,-77.26753656150458,-77.26753633662837,0.03169681786719453,-0.015288094658503781,0.03210935206883765,-0.005976502819754426,-0.050001017759296065,-5.2986316276149026e-05,0.035072593939486224,-0.022529900474756115,-0.06983428711533791,0.02779740678058501,0.061434431480148335,-0.0050814507282591626,-0.03523721145774261,0.04842690623278902,0.07829923701891951,-0.053353104309767474,-0.022042324820356868,-0.03543986492786262,0.014734550201643826,0.01592322524208445,-0.04622261799187655,0.00996812755066423,0.028362416420183695,0.0011658296369643217,-0.00713551887013919,-0.0020242607924196854,0.016773241995599042,-4.755246266574531e-05,-0.036639867788551134,0.00015609545701034122,0.01068294583510454,-0.0004335448099221928,0.02047797531560036,-0.02820255225460766,-0.005187968271376062,0.007649475586703591
73,1.3250989898331622,4.156904971813447e-06,0.0067348439919915635,0.26137010962535634,-77.2675408226115,-77.26754066984813,0.03110140651460558,0.030988193668699524,-0.09061336809450575,0.019587947792414684,0.053986023445752686,0.002321964484322342,-0.012386095899136224,-0.0052349046755378326,0.029791405285233108,0.0013810388254207884,-0.069918371188187,4.1606168106278485e-05,0.019472200366565495,0.0016945014494666316,0.04505789853945741,-0.059156497599871294,-0.011515442700197873,0.013400493617404342,0.015044250657058944,-0.008477961833200265,0.018480254348396175,-0.003512976808392798,-0.026469855095656636,-8.634401215790177e-05,0.01788505426279019,-0.011144053159576783,-0.035759603983442134,0.013881356886503826,0.03261678289798034,-0.0025468221998590224,-0.018153647603583956,0.024201618995388197,0.03800829085783208,-0.02514403739437654,-0.010726531804938162,-0.01809577501077042
74,1.3251024591275669,2.673129441129163e-06,0.0067349484328289065,0.19082999147993496,-77.26754504011623,-77.26754494188059,-0.04233242916647595,-0.0032734837949167095,0.02004546247412091,-0.005128659211311615,0.013696678207658545,-0.0011567079701756133,-0.02271957263370125,0.02140641521131864,0.04263157378038609,-0.023787451836395468,-0.01497210022449731,0.004201940857970932,0.019193372146124377,-0.04106707299036989,-0.0882198083898801,0.07477474070174739,0.024209563590819216,0.022497539247598064,-0.004474316099349673,-0.01758483019148893,0.04789247155260323,-0.010082501844011382,-0.03717801682300814,-0.0010081137584163624,0.015131998702874627,-0.004065399264633562,-0.03234741641319194,0.007190324238164902,0.047222144693471205,-0.0014422100317144082,-0.018222599888336966,0.012836252494581535,0.002578679627093905,0.01045709489065949,-0.0012301509089218676,-0.015673410976374758
75,1.325106034240207,4.136819143150206e-06,0.006735134796542937,0.20853867241042906,-77.2675493918901,-77.26754923986488,0.0362690050264039,0.027166153393984052,-0.08187212553764273,0.01787518611980135,0.042845362244950766,0.002240461600094501,-0.0053077302925614855,-0.00939884100386619,0.015547222579301627,0.0066706948130337285,-0.05614525324470607,-0.0009358993820241801,0.012180971912645111,0.010907995745139953,0.05878335839748981,-0.06768812757929243,-0.015375417135505519,0.006236982342764805,-0.011791494645351897,0.011285614667888355,-0.026801265023797538,0.005321882886957452,0.031144682019946524,0.00030238447498698307,-0.018728916890552227,0.010442482226270977,0.03795222328959691,-0.013491861963355833,-0.0387022958546554,0.0025064800818890287,0.019669221092772027,-0.02359251651509109,-0.032993991929558764,0.019021169519530368,0.009422033455639814,0.019034169106884713
76,1.325109447714403,9.421661994451825e-07,0.006735288094953518,0.23864188016771198,-77.26755359452811,-77.26755355990416,-0.033895210056650193,-0.029156886072173954,0.08653153533202747,-0.0187896781904065,-0.04848036148329072,-0.002284048312472156,0.008786784615022414,0.007400476717535895,-0.022579022547871586,-0.004117394954747444,0.06314379633860198,0.0004634152081278986,-0.015816215809139056,-0.006435710002830591,-0.0523555739695101,0.06383171439592061,0.01352868450215762,-0.009776305710294662,0.013437071745203477,-0.009964737725334682,0.0228488135852708,-0.004462085841881791,-0.029002798073788416,-0.00019406191876636392,0.018393128953718474,-0.010838951537115005,-0.037059835114340856,0.013744466935454835,0.035904390438400255,-0.002540666304259087,-0.01900638925866005,0.02399901734745069,0.03559979375251654,-0.022106192533830615,-0.010096920449614251,-0.0186540440004197
77,1.3251129772254169,5.2227021496946696e-06,0.0067354623925758115,0.040813740005959546,-77.26755796993893,-77.26755777800827,-0.003897933934980835,0.03265064639548976,-0.08565221836827322,0.01776276270402591,0.07508595593152344,0.0015714742114537883,-0.03557196868626067,0.014078271680458193,0.07436767561050528,-0.02073125555589697,-0.09467202418371541,0.003997420014432665,0.040454952707538405,-0.03661825288380634,-0.030840107991125104,0.001983442765601584,0.009475403060062018,0.036555756523014446,0.02153722836337113,0.006728544940119097,-0.0236612306810573,0.005409644292950766,0.004370219228420291,0.000848555304911347,0.006407749975994692,-0.009037088550315486,-0.010877824377839573,0.009257178356639972,-0.006721672414946506,-0.0015877457129933603,-0.003799451374719709,0.01584424656194816,0.041412409780103854,-0.03881234961423985,-0.011184249765226112,-0.006134164313125856
78,1.3251164396479043,8.906188757080713e-06,0.006735637111018071,0.27455939220424663,-77.26756227934354,-77.2675619520473,-0.027760426488458112,-0.03257374239619519,0.09397382061674364,-0.020197729305945072,-0.05917427944868839,-0.0023074315872918666,0.016017839240918263,0.0028672627700434272,-0.03706409536253775,0.0015109467273933808,0.07633498689170633,-0.0005710207684123808,-0.02316944816018207,0.0033980574502418537,-0.036924183330943494,0.05359881798622368,0.0091477147329036,-0.01710708956757062,0.016579102519692746,-0.0068185025995461945,0.013641239611838496,-0.0024753342805150513,-0.023515889294791037,4.387081566403772e-05,0.017118703444812144,-0.011366957772870778,-0.034023741585114675,0.01387678172596496,0.028793889388973357,-0.0025380900355380653,-0.017005596372701604,0.024152444417433583,0.040150524422840395,-0.02809365703725586,-0.011244984139196314,-0.0172738032296893
79,1.3251201914696356,4.3391414655786776e-07,0.006735849302647861,0.12137388942408406,-77.26756644729794,-77.2675664313519,0.043167781873230504,0.008497436334809691,-0.03420248301031462,0.008079992794521262,-0.0024241348930618654,0.0014480002960018667,0.01790655600987781,-0.019953580343275143,-0.03248295432908464,0.02136733013389855,0.0006456459096646806,-0.0037345794614570826,-0.013447640800130278,0.036723253477581014,0.08647248932036986,-0.07707402001144259,-0.023488620485706276,-0.017500472815501336,0.001239440264489966,0.01713656270899877,-0.045840293135229415,0.00957927490675159,0.03777230577423871,0.0008968558902864299,-0.016638099479256985,0.005636549532798352,0.03517596346406815,-0.008887589642072702,-0.04780916065908972,0.0017446248636674433,0.019442339531136277,-0.015780746762710907,-0.009147625530603776,-0.004735365581045592,0.0030444894057654256,0.017170474447810058
80,1.32512363357864,3.4573394805647698e-06,0.0067360701179438945,0.2554977535698959,-77.26757078300743,-77.26757065595261,-0.017525845487795177,-0.03506673682025356,0.09785087907580689,-0.02077427538888063,-0.06983789562250431,-0.002184165309247088,0.02482309642135841,-0.0035224979389160693,-0.05438947307561722,0.009103314189773976,0.08925629183958889,-0.001949989527110993,-0.03165071142664577,0.01660195877075078,-0.013357716944363482,0.03602442169219633,0.0025688797713270886,-0.025969534219460598,0.019760836610326793,-0.0020634210109509166,0.0001467114866433583,0.0004042359656089012,-0.014446892040484438,0.0003626576839261819,0.014238382200254973,-0.011324730948120587,-0.02759823225440361,0.013130387521654074,0.0171497014966195,-0.00236375792635779,-0.013136414259288465,0.022742756320891178,0.043687409823042866,-0.03439742803855417,-0.01205741381795574,-0.01423478881284912
81,1.3251272659499331,6.510598507563259e-06,0.006736325553598018,0.20575339432914527,-77.26757515961422,-77.26757492035426,0.04191884259248474,0.0018850476762838492,-0.016329988221328383,0.004321621988472274,-0.01662132572891921,0.0010870089085160684,0.023842931185414,-0.021725017137910516,-0.04516643212911932,0.02433448676855285,0.01864699691264407,-0.004330548240182475,-0.02050388002258763,0.04200111986980431,0.08837741139094196,-0.07391400251230107,-0.024186821591894864,-0.023637451708831553,0.005277833051047565,0.01762808905923796,-0.048238855666277614,0.010166534775003289,0.036861866002449506,0.0010121508615583696,-0.014644134259194752,0.003660760924680595,0.031484849998126396,-0.006714027991238991,-0.046891665027989526,0.001362702601394039,0.017824577807090236,-0.012044652088878727,-0.0008323572169230964,-0.011910783382704793,0.0007856011305003019,0.01521150942212035
82,1.3251307085053134,7.923153298466445e-06,0.006736525061140474,0.10717471054103708,-77.26757946727089,-77.26757917610053,0.0012881114757162804,0.034023896441020954,-0.09070397670321076,0.01892589576565376,0.0755685208148948,0.001737830225177539,-0.03372060894027057,0.011827874330346058,0.07120992196998797,-0.018346080097755818,-0.0955983091386782,0.0035945510425190036,0.039219244350969795,-0.03256346540302897,-0.020628482676102386,-0.007366562554365519,0.0067414829554268765,0.034790156141638176,-0.021601321060754075,-0.004710754557218699,0.018351655544891043,-0.004295491757325687,0.0001908132590741074,-0.0007486289566833726,-0.008490922394760236,0.009821677769978887,0.015286006212720804,-0.010438854431868538,0.0009802592115460418,0.0018227342804437718,0.006171678929297819,-0.017915417587393456,-0.04297786364610934,0.03865491071540994,0.011633421904012824,0.008266096564737202
83,1.325134017238494,3.763711979377149e-06,0.006736754493819245,0.2060183986374989,-77.26758364940812,-77.26758351109433,-0.010580922933547121,-0.03525372184245662,0.09648714441773634,-0.020332131838485396,-0.07369747633372228,-0.0020150459973322377,0.02924871174211774,-0.0073117658892047355,-0.06292683375734782,0.013403311807851703,0.09376569201956902,-0.002723728868462852,-0.03562596357409298,0.0240640098215225,0.0015750761774431937,0.023886994796125105,-0.0015667377757177317,-0.030396611972028816,0.020950383939644324,0.000925259364470854,-0.008128561564478165,0.002149661849581097,-0.008347440482074697,0.0005440379208874191,0.011928333764171128,-0.010868235289939632,-0.022616636481402774,0.012173613494138924,0.0093642613199518,-0.0021692317729968824,-0.010253324671261055,0.02100597016360284,0.04419278557159023,-0.03694866837628208,-0.012079815076010053,-0.011822393673599052
84,1.32513754257947,4.543255356375653e-06,0.006737037889878478,0.2400159185755445,-77.26758799276539,-77.26758782580391,0.03368255990764796,0.029249025990615324,-0.08680535075831788,0.01881472373870463,0.04875404383445434,0.0022606425827960824,-0.008966966276263533,-0.007258150975639963,0.022966298932548895,0.003973062314731518,-0.06355294100860258,-0.00044084460351132004,0.016085244931892673,0.006098282945041514,0.05200119823786209,-0.06358862461671655,-0.013290260785867293,0.010018055608620548,-0.013533560721919469,0.009881599953242448,-0.02257565104720305,0.004409440686800492,0.028863283416349805,0.00017071635744514424,-0.01832615738492427,0.01087924008880159,0.03700911905889992,-0.013753496463793535,-0.035719920889542206,0.002553215648342766,0.018908995928766714,-0.024014139703183224,-0.03574535811502244,0.02229477795506707,0.01010993713432868,0.018587958097536772
85,1.325140867960717,7.503249193348438e-07,0.006737273045895104,0.2299519729228797,-77.26759217641118,-77.26759214883727,-0.034597455192698856,-0.028540537374691644,0.08518236615613205,-0.01849308779143538,-0.04670722663751323,-0.002244389386518428,0.007681838117595041,0.008009352205812129,-0.020370126984275018,-0.00493013026287642,0.0610263807731523,0.0006192210174610913,-0.014765501811947024,-0.007759294506010834,-0.054465906609876547,0.06510433694137707,0.013971325539260844,-0.008721164192936913,-0.012939016261321212,0.010384919375176827,-0.024070214602387452,0.004734472237946763,0.029694470498327408,0.0002078358199513186,-0.018465927406184912,0.01074871942658917,0.03738825723100736,-0.013675643129578141,-0.03680438744360884,0.002545425907429344,0.01917116803859109,-0.023893264569483152,-0.03481773070058569,0.021174946520544857,0.009869542712999259,0.01874642634458401
86,1.3251443518928,3.523622869832366e-06,0.006737532078727126,0.2431402579737866,-77.26759651900123,-77.26759638951054,-0.04035360277844058,0.0023152748226743375,0.004808739341424298,-0.0018711634570703906,0.025261962498649003,-0.0008494399087182053,-0.027111451917476742,0.02245497804836634,0.05234022756961509,-0.025756286168440168,-0.029630467389710494,0.004637393663885325,0.02451236303505211,-0.044538414009420796,-0.08796471438218297,0.07058014128638224,0.02413666602943655,0.027027793715957982,-0.00770974248012779,-0.01760994795459725,0.04886247486011397,-0.010344579345884064,-0.035601043854390724,-0.0010572841910698738,0.013106355059639307,-0.002358026205383057,-0.02858012068600957,0.005220071505031787,0.04545434660747183,-0.001098215482400633,-0.016480961426364793,0.0094858035858566,-0.004427880707097653,0.016208856687701,0.0006288678210412818,-0.013698973793536684
87,1.3251478789532556,1.7063658161816875e-06,0.00673782106959399,0.2642992857011764,-77.26760076918312,-77.26760070647536,-0.019390281659883934,-0.034806514541265085,0.09771238780720351,-0.02076977451937123,-0.06829611510016825,-0.002184591167552624,0.023347629098979,-0.0024393943728247547,-0.051607953090634436,0.007797125153804957,0.08746998278129217,-0.0017197949019925468,-0.030332157331537823,0.014406178881572206,-0.01765770905312425,0.039347459257998985,0.0036658623513696684,-0.024542339593907475,0.019298306499614726,-0.0029222066367946553,0.002515274851813132,-0.0001095925101564088,-0.0161463275756647,0.0003175584921282226,0.014800369854694573,-0.011409327500072619,-0.028912471124814654,0.013337641818228718,0.01930803683997119,-0.0024187881643751297,-0.01384330793348898,0.02310791163591175,0.04331563213962886,-0.033483417728895404,-0.01193808676335182,-0.014817206194381427
88,1.3251513157633226,2.4305855774287013e-06,0.006738101103223629,0.18312315364020512,-77.26760507638483,-77.2676049870625,-0.00811874491896053,-0.03507864777610244,0.0953752021243083,-0.020039455422213193,-0.07451011112970829,-0.0019232906203766609,0.03052832231019842,-0.008577357036580857,-0.06542551200534079,0.014777743230082657,0.09468674041823658,-0.002975633777004036,-0.036731403949401775,0.026474198522292346,0.006642432012251551,0.01958353875027452,-0.0029948229981450573,-0.031693197733824896,0.021208991542965627,0.001935931524993162,-0.010912717340423206,0.002726755377775447,-0.0062193022858352265,0.0006040934350519667,0.011051048165417576,-0.010644828019830133,-0.02077821244930933,0.01176827541150094,0.006642849859707423,-0.0020937713417128467,-0.009173006592749111,0.020263243581070345,0.04408290841440454,-0.03758206390490759,-0.01197789466010541,-0.010902300718011793
89,1.3251548308133545,2.6320215897555956e-06,0.006738400121561397,0.2064164352760599,-77.26760937166353,-77.26760927493856,-0.036285658176628155,-0.027015461109051078,0.08163565501168535,-0.017776812223343957,-0.04243290452129733,-0.0021991572406955817,0.0050828006478595145,0.00947924075692412,-0.015097554249624119,-0.0068273914441756844,0.055756004338129946,0.000976370543583932,-0.012092883330449444,-0.011035309695027865,-0.05920592706860561,0.06789994452677983,0.015248430230336972,-0.006109386996346999,0.011705452200711175,-0.011352574255766301,0.026963662682104927,-0.005366531110875927,-0.031245922111218127,-0.00027645370638595956,0.018666843986041126,-0.010453964028947826,-0.03801253646389213,0.013469610752034233,0.03883686263198022,-0.0025232466111861918,-0.019613112236523733,0.023565693912937835,0.032835013624815,-0.018862263591388206,-0.009350096148984355,-0.018986439525456644
90,1.3251584474603066,2.77413398995634e-06,0.006738725655342799,0.03852338332009257,-77.26761367300062,-77.26761357105313,-0.004109786355594114,0.03258279516288247,-0.0854200391603292,0.017703558845675038,0.07500036302417634,0.0014969804856187763,-0.035479768780823595,0.014213452165061188,0.07445436227928019,-0.020782458418733024,-0.09461170040512518,0.0040344970916959405,0.04038695747056842,-0.036783489225879845,-0.0310899290264898,0.00228149723889004,0.00959857927887748,0.03652412833020573,-0.02149038137339332,-0.0067742322845234515,0.02385212887857502,-0.005424254192589517,-0.0044712599673945586,-0.0008491697100352358,-0.006324717945405789,0.009015958059916729,0.01077718535158012,-0.009225176875860441,0.006899733544269232,0.0015947914974392408,0.0036423151292259703,-0.015731854538868606,-0.04138801129723202,0.03882221525801999,0.011061655186600707,0.006013075279672542
91,1.3251618197626578,4.444721416291487e-06,0.006739028170908341,0.2672292521410062,-77.26761797881937,-77.26761781547896,-0.020150072504267313,-0.03467010870508498,0.09758559138584325,-0.02075025201339628,-0.06759404922083523,-0.0021789565526919574,0.02270636415582261,-0.0019870389937687027,-0.05040177430990407,0.007242885346900929,0.08665891991734878,-0.0016220487092877545,-0.029761198119269583,0.013483250805646042,-0.019454083551025528,0.04071227313417869,0.004109026196706167,-0.023928728262936787,0.01909013828696693,-0.003280404196591924,0.003502394459192204,-0.0003254057257089382,-0.016847657005442773,0.0003002817091743992,0.015020034883203248,-0.011438958691398105,-0.029444960905939288,0.013415016042896744,0.020198206575802166,-0.0024417972645129904,-0.014121126344248225,0.023243420831799644,0.04312937968690589,-0.033078657143109425,-0.011874607514168446,-0.015045297684820547
92,1.3251654105828052,5.107245951165851e-07,0.006739374090954826,0.02866887880960899,-77.26762221795077,-77.267622199182,0.04219499751620864,0.017252496661691277,-0.05735327732978686,0.012834100547355592,0.01761912371289831,0.0018595304581208172,0.008420801487904778,-0.01625095728108844,-0.012731836987061346,0.015901954902336424,-0.02474411879999921,-0.002701032115183244,-0.002499159736264467,0.026943407218530765,0.07859453171503879,-0.07685269471755007,-0.020819951512042786,-0.007667915741118025,0.004551477248588842,-0.015388781914462468,0.03963073666646977,-0.008157447837723764,-0.03671913272125715,-0.0006391312288718254,0.018345623853033288,-0.008115270342747616,-0.03823140722483476,0.011395467814519167,0.046176864044957563,-0.0021917608534194333,-0.020471368361092424,0.020104323420817805,0.02026382259480597,-0.0056637527173322155,-0.006058002487308693,-0.018832259954150166
93,1.3251688466220948,3.1807910073126778e-06,0.006739689489799694,0.02553120345800589,-77.26762655109911,-77.26762643420726,-0.005094526058650128,0.03226363325171766,-0.08430402924284419,0.01744931171223496,0.0747667295005604,0.001442518901765777,-0.035724876272973494,0.014633920329765515,0.074925327621686,-0.021191687148296834,-0.09427217375324665,0.004111838648950053,0.04051785821790865,-0.037497345399585255,-0.03294496445274343,0.004043919549786779,0.01010523607078851,0.036769308523194794,-0.021429217891387298,-0.0071381993543302436,0.02482118367019348,-0.005619266305513015,-0.005311043937821447,-0.0008652513927684957,-0.005917419988357375,0.008853642489724978,0.009939334216298334,-0.008988867306501058,0.00797050721607867,0.0015519342359466837,0.0031648189932207416,-0.015301023412280346,-0.04103283057140583,0.03878995249853734,0.010926116998626542,0.0055856298417358285
94,1.3251722457435922,7.2611071080928015e-06,0.006740044121762311,0.00012843118874494568,-77.26763093030515,-77.26763066346452,-0.006985280466116794,0.03160080362094235,-0.08202591828582342,0.016935038916920164,0.07422117014831829,0.0013595025046407583,-0.03620160604386566,0.01540636493277435,0.07573046435106755,-0.021963585488429832,-0.09347557591625873,0.004246902615950454,0.04074941843220792,-0.038814697358044443,-0.036531504467943315,0.007466014649282204,0.011061934572298822,0.037220553282113614,-0.021292785957301885,-0.007842133903804616,0.02666009726180618,-0.005997502367137919,-0.006953002004900455,-0.0008959060185409484,-0.005122153088063186,0.008522288418727042,0.008278748713282158,-0.008512886847938161,0.010043719543719604,0.0014607136257756004,0.0022612536671591243,-0.014455103937026759,-0.04026835443120458,0.03866407459328425,0.010684231883284687,0.004764700848882253
95,1.3251754939897407,2.103802037564151e-06,0.006740393646116017,0.18312227379830232,-77.26763511813112,-77.26763504081786,-0.008100787985166336,-0.0350672293892304,0.0953675009947304,-0.020027841655001266,-0.07446491761317023,-0.0018883132776329192,0.03045025795415751,-0.008599491363286305,-0.06539613552567702,0.014756116363138644,0.09467521352831297,-0.0029825523083034933,-0.036695896567171316,0.026490853427515684,0.00655885644774068,0.019618151890072877,-0.003034428590151555,-0.03165935633085802,0.02119095212591493,0.0019207038289559275,-0.010909656126291023,0.0027137506211607487,-0.006253538332926023,0.0006076010108051477,0.011039082021953694,-0.010654795036465492,-0.02081420060808148,0.011774176218007804,0.0066645729694860545,-0.0021039695152802462,-0.009131677193364496,0.020251372244100674,0.04409719129629419,-0.03758628379367934,-0.011928315673151238,-0.010876966057447257
96,1.325178954939312,4.478075214368005e-06,0.006740778308888499,0.14754204836574308,-77.26763947864522,-77.26763931407908,0.03911965720823796,0.023606429245833782,-0.07343815635091475,0.0161048030082169,0.033357739238273315,0.0020875873079528318,0.00012358945490986706,-0.012266635033954587,0.004428083694762851,0.010487961155238534,-0.04450745739524753,-0.0016732501295736585,0.006632208478128954,0.01738066645690562,0.06774302836930782,-0.07246821930470726,-0.017570742511795294,0.000852707108472267,-0.0090970829146918,0.01310585880810966,-0.03231736761166715,0.00654032272056404,0.03386736455820902,0.0004087343110990016,-0.018800423636125885,0.009717945977660847,0.03869839391728691,-0.01286722597355816,-0.04230831336463714,0.002440943293532838,0.02021964134646481,-0.022583148498533934,-0.02842840743318842,0.014004768457350103,0.008200292519192888,0.019197703522934928
97,1.3251822648876073,8.198301927666308e-06,0.006741142193496232,0.1050317162565302,-77.26764381099593,-77.26764350971405,0.014829464282124893,-0.028110337273520067,0.07059799040777111,-0.014392925695441372,-0.07030641988118339,-0.0009858545446262135,0.03744506001224876,-0.01833617048687121,-0.07749624355915122,0.02475649690632803,0.08807085607875245,-0.004725817992993861,-0.040843795435398844,0.043539855758418004,0.050932603600636214,-0.021794300069817307,-0.014857784195580127,-0.0383226779115986,0.020254574046341456,0.01065352587621149,-0.033861863383967905,0.007470094867681798,0.013757157822096855,0.0010047508843347153,0.0016486146523770895,-0.006931547280576433,-0.00106325875261859,0.006312049424909594,-0.018602909085485925,-0.0010405100581349913,0.0016027840086865197,0.010562093241354487,0.0361533114674919,-0.03728811699999035,-0.00943832057360014,-0.0011924301571040186
98,1.3251858074224225,5.773654859936528e-06,0.00674149695369679,0.24106165085839193,-77.26764806122468,-77.26764784904688,-0.027248299473036086,0.019608800276832344,-0.04459795488137841,0.008723891537186751,0.05746239803620585,0.0002712911714344568,-0.036457623847339415,0.021863401283592904,0.07394339430949658,-0.027521775699040518,-0.07108611540810914,0.005149238048996446,0.03754248306832264,-0.04805105304264136,-0.07175621904586348,0.04496132441389289,0.02020256885412868,0.03699025039733142,-0.016718052445317877,-0.014658773338668274,0.043535512738582915,-0.009409515830060888,-0.024481435460732837,-0.001109086687655747,0.004555516813742333,0.0035556218394303674,-0.011649441254886761,-0.0019232779421907154,0.031966185882851744,0.00021200772626972508,-0.008188644714000048,-0.0028682908031840704,-0.025855353317111085,0.031683974117828306,0.006486691880301217,-0.005133639205199714
99,1.3251892627331099,2.308798371490184e-06,0.006741915174828046,0.14474905689619055,-77.26765230633652,-77.26765222148978,0.00444912166055661,0.034607092218701674,-0.09315609057389859,0.019487204685104786,0.07523760236573808,0.0017577586828928238,-0.03217632380176835,0.010398362311333426,0.06869388096352157,-0.01669887328952213,-0.09546227559294178,0.003335592936819079,0.03809438248543029,-0.0298555399053343,-0.014008390879889851,-0.013155511739807668,0.0050747586025197584,0.03337724887056634,-0.02144862794651725,-0.003399717182584583,0.014933669237283898,-0.0035500424875936076,0.0030766603259608227,-0.0006870592935057651,-0.00969570939195119,0.01025458205114882,0.017971582612477444,-0.011106176689663183,-0.002616857936141692,0.0019748113280138035,0.007511046323434911,-0.01904154075406128,-0.04366711324779393,0.03828951019228999,0.011726873495678473,0.00947410936352644
100,1.3251926363431878,3.1826688091683765e-06,0.0067423040242744646,0.20179875322811977,-77.2676565969771,-77.26765648001624,-0.010069843727438355,-0.03520000319363353,0.09628234763877769,-0.02025209201372738,-0.07375992031685516,-0.0019187262439323283,0.029324256157288592,-0.00760295977191916,-0.06334351271891833,0.013617705075407022,0.09393401086887362,-0.0027859152210804733,-0.03577386598839505,0.024569638816649038,0.002345767911626731,0.023153840496871858,-0.0019407664031332456,-0.030579961366467588,0.02096483721392217,0.0010837225692128527,-0.008654267916565539,0.002231003642409135,-0.008020200955120182,0.0005656753034473105,0.011732537478300609,-0.010852669557769978,-0.02235314131232269,0.012111901849519824,0.008897434067811766,-0.0021791504239372372,-0.009953423626156699,0.020843757047012357,0.04421133994887194,-0.037086856557996484,-0.011952043171146447,-0.011590455599492566
101,1.32519600365756,3.790409170957787e-06,0.0067427087844298865,0.2723732420457103,-77.26766089453602,-77.26766075524112,-0.028157108292584554,-0.032277359079440515,0.09351066592112048,-0.020042522889929526,-0.05820249775667905,-0.0022200348956492033,0.015306109949318164,0.0031856986608683885,-0.035811415962574485,0.0010021004229183172,0.0753365670518671,-0.00047884757831657965,-0.022678535765629615,0.002742129311058255,-0.03844034457634769,0.0545699565759421,0.00921546181231745,-0.016560022908227542,0.016326490827269002,-0.007102135131957121,0.014364870085658565,-0.00265770821989908,-0.02402898218860139,6.491839665700994e-05,0.01714209157804647,-0.011390275165282793,-0.034383459223595425,0.013885483297734202,0.029430068629684225,-0.00257672841165113,-0.01703596875320379,0.024155069126867712,0.03983389665609094,-0.027660388729942476,-0.011063745270709878,-0.01730349750316229
102,1.325199440260233,6.936355275590245e-06,0.006743132864503926,0.16757859844235298,-77.26766527282119,-77.26766501791496,0.019895839535167326,-0.025153565873264477,0.061330472829182775,-0.012363931441479986,-0.06620268471371021,-0.0006974517106534683,0.03750418108700332,-0.019983206714642765,-0.07714410763754646,0.02616464760562459,0.08258580703845446,-0.004966788371939465,-0.040037590401889034,0.04588784283242886,0.059749115475606254,-0.031163146384409757,-0.017134192569257592,-0.0382712405846687,-0.01912277243967231,-0.012356658818523325,0.03810512060744076,-0.008321510986050384,-0.018121767185566684,-0.0010539482971831937,0.0007552478887857816,0.005699740484283788,-0.003887129098823272,-0.0046807467130682845,0.02408077663805125,0.0007331105916488223,-0.004223619848322535,-0.007673932089045099,-0.03261594830494641,0.035593402098323956,0.0083718409708003,-0.0012812054981374832
103,1.32520291003155,7.91609491352574e-07,0.006743552511585591,0.03767861364855589,-77.26766945132518,-77.26766942223408,-0.009802688862179887,0.030491568212464917,-0.07829618364663486,0.016101351862211094,0.07311516728243024,0.0011929747659177314,-0.03669792240911371,0.016540718654804443,0.07666583725029454,-0.02302847116920148,-0.09194276897315068,0.004450942794463883,0.04087226611514572,-0.04065685068681649,-0.041719560924510346,0.012555464463124721,0.012452165510266025,0.03770598976046541,0.020988178570823357,0.008853933479695764,-0.029321187113733105,0.006528904287939508,0.00935199328684122,0.0009341874409904971,0.003913876949849238,-0.007997768529586669,-0.005793964049008671,0.007776772297890977,-0.013098754092321363,-0.0013265416683025943,-0.0008622856373152743,0.013116258703479877,0.03900384412207858,-0.03834544646918836,-0.0102256628481091,-0.003496338732022153
104,1.3252063601108028,2.8063470311394667e-06,0.006743982895242466,0.034921078805092154,-77.26767377480834,-77.26767367167704,-0.042872639804016066,-0.013712027931801443,0.048287391525255116,-0.010916615427046028,-0.009312564205574577,-0.0017023736694484343,-0.012397862127895148,0.017957747903422513,0.021185033340089227,-0.018338853210158212,0.014374048376264248,0.0031963037144612932,0.006860510505229511,-0.03115200874892011,-0.08265771846514504,0.07766546006389174,0.021844804606586818,0.01169136355479479,0.0022130075944598593,-0.016241460723254164,0.042536246014351575,-0.00881034671300096,-0.03744403005889202,-0.0007071116612584749,0.017702220181191164,-0.0071963332730118346,-0.037294153978332245,0.01043922200043268,0.04725730342222209,-0.002041122783791982,-0.020159407747255997,0.01851044659819967,0.015763700621801657,-0.0013846953158243025,-0.0048859259652646245,-0.01825755821277042
105,1.3252098318685699,1.3909306805715005e-06,0.006744444493594074,0.2625301741706515,-77.2676780605185,-77.26767800940277,0.038674730008427305,-0.005633828463117677,0.004258924909371804,-0.00010977616150234515,-0.03188342313810015,0.0006938414829755352,0.02929956972276762,-0.02286296360972309,-0.05756774561778036,0.026627407494128813,0.038014489869348245,-0.004879237891990296,-0.027210436324732967,0.0460532624351163,0.0867831592314861,-0.06728149473908784,-0.023687537093520637,-0.02928894211404913,0.009505959845459544,0.01740168453866553,-0.04886368266018082,0.010362823616987926,0.034196712637046406,0.001048962832221001,-0.011703530585043254,0.0013309738748548128,0.025973337680823216,-0.003975039447947304,-0.043858675988670354,0.0008810485128847301,0.015259821448147193,-0.007415225867071218,0.008595104399970577,-0.019450034877602995,-0.001655469194825121,0.012365229234281738
106,1.3252132169275825,2.8598230074209142e-06,0.0067449011630894805,0.27394564551175166,-77.26768238732866,-77.26768228223216,0.02265844765701952,0.03409241625885069,-0.09685629052423916,0.02061519088571645,0.0649800127458536,0.002150946589772801,-0.02045496724515053,0.0004402817253739699,0.04612859250946441,-0.005334623358314444,-0.08362640398225765,0.0012819463181369395,0.027744796410542394,-0.010310529877915055,0.025514249192813518,-0.045228844349834096,-0.005575776869901079,0.02178055591404262,0.01832567583725664,-0.004488260688983781,0.006844874644682641,-0.001058209210154315,-0.019177159386132125,0.00024520895139090726,0.01570927032446301,-0.011508465670406753,-0.03116456674557,0.01363602302614031,0.023161945398251976,-0.0025149422930594856,-0.015010579863774964,0.023634729323672055,0.042356805732242986,-0.03160218011392857,-0.011622788976401885,-0.015767380289685162
107,1.325216471378782,5.289102321532369e-06,0.006745358171264655,0.16451674915773046,-77.26768674372713,-77.2676865493563,0.006244922034766676,0.034853070816900686,-0.09433153473775731,0.01976033645831357,0.07486028878072591,0.0017746493123476093,-0.031235012693361763,0.009544244252856257,0.0670770821129296,-0.015719692412855174,-0.09514257942570734,0.0031746365256692666,0.03737591845384358,-0.028229666905478082,-0.010198701722600942,-0.016426471840729207,0.004114642480701532,0.03250386850939657,0.021314753940443465,0.0026450845878671636,-0.012941407437221497,0.0031186516463583835,-0.00470889915816225,0.000652389613504667,0.010356908692247258,-0.010476873857397262,-0.019453310315179384,0.011457704227179066,0.004663604789313575,-0.0020553260328273204,-0.008264186392191952,0.01964489522233004,0.04394284464055964,-0.03798383211403866,-0.011767811583951834,-0.010145190468836551
108,1.3252198155394934,6.122000251875193e-06,0.006745834234389931,0.1254706491480608,-77.26769106819208,-77.26769084321283,0.04299178997266667,0.008114360894381445,-0.03349931694180592,0.007826434899138479,-0.0032829825264276136,0.0014457511099041503,0.01809158366254829,-0.020106748790743173,-0.03330911155498678,0.021557168743953747,0.001532180396481151,-0.0038404338612405414,-0.01340941552668462,0.03684964090183465,0.08676456653980318,-0.07705756175166978,-0.023106450875522398,-0.017561455291687074,-0.0013702510052732153,-0.01715180177052744,0.04595083708208436,-0.009591938352551566,-0.037686985871920875,-0.0008285526398741361,0.016405437385112576,-0.005613415497312868,-0.03501371893019989,0.00876802981378777,0.04779276954874462,-0.001750588448376611,-0.019297179141036125,0.015672930489500136,0.008665528128191102,0.005085901299964668,-0.003013496898483903,-0.017023505191826382
109,1.3252230868853827,1.857082230239371e-06,0.006746306528588909,0.22672664532362488,-77.26769527327869,-77.26769520503221,0.04104791788834322,-0.0004281983226809144,-0.01027447372233415,0.002950303254255604,-0.021425903159106544,0.0010035911348487275,0.025485676702189042,-0.022228515952771255,-0.0492679582430093,0.02516011387025724,0.02461305747904574,-0.004576360497878212,-0.022333154504361907,0.04333492781698438,0.08838277037013552,-0.07231085721067543,-0.023865367861469783,-0.025267569041738533,-0.006527412266036925,-0.017622821761216212,0.04863733768196088,-0.010252807070093573,-0.03616710467335077,-0.0009764478097074036,0.013724924026126795,-0.0030162688165165097,-0.029942806193604565,0.005899081844578102,0.04618701154655759,-0.0012345102064026392,-0.017100233897145323,0.010752046665307935,-0.0020913208150075135,0.014256447362571478,-0.00013286296078189597,-0.014392252657241311
110,1.3252265373523076,5.6900946108441984e-06,0.006746755283319231,0.27551007028333546,-77.26769961637939,-77.26769940727237,-0.03413676589548997,0.012419654304404448,-0.02349814879247606,0.004218578935601819,0.04480424919765822,-0.0002809650940233388,-0.03330784204636772,0.022957563157561145,0.06673719475406248,-0.02767520083352329,-0.05463027098049641,0.0051469781388229635,0.03263978252091837,-0.04806803239790025,-0.08166249374011143,0.05826144731886984,0.022516836718760085,0.033557434733736936,-0.013130054600368202,-0.016492833926730732,0.04747515940455582,-0.010140140973560419,-0.030344446626855315,-0.0010870346057942903,0.008555393239414677,0.0009521264614305025,-0.019748674523644483,0.0012561489386607727,0.039224075831768124,-0.00038043174599233787,-0.012270385349209434,0.0027241541317097884,-0.017035365137072045,0.02572903874506416,0.003936924128679367,-0.009223653392053333
111,1.3252299800854441,3.792528271898732e-06,0.006747246204944424,0.17458770847257474,-77.26770388087982,-77.26770374150705,-0.03785094644215703,-0.02509977788900096,0.07723543907378708,-0.01681805044015497,-0.037264697422618856,-0.0020986215943816777,0.002112674245995344,0.011059948695230318,-0.008995384952948174,-0.008941373184526091,0.049511903880605876,0.0013955468685494243,-0.009184560802959707,-0.014529618161864075,-0.06429723520169608,0.07068225662378058,0.01632224089765001,-0.003239744193296132,0.010268456415354121,-0.012370935754405288,0.030009101497007418,-0.006044528243294378,-0.03279168210437189,-0.00031063307057332956,0.018687520801413893,-0.01010602675389638,-0.03851381531168163,0.013155650376128425,0.04088697487497073,-0.0025077324206657092,-0.019889690501472046,0.023070431328019225,0.030397323480551464,-0.016177408848133012,-0.008688761590315258,-0.01907424417463721
112,1.3252334754727462,6.920631778626784e-07,0.006747764065918409,0.23612155454436584,-77.26770814992665,-77.26770812449381,-0.026700259184842923,0.020091785913537705,-0.04593928435556928,0.00903967592006305,0.05825472782466946,0.00024958044773179533,-0.03645452821266543,0.021808576446239777,0.07436270307841326,-0.02745172567513346,-0.07211533607016257,0.005183115397501145,0.037612623005790935,-0.047944007080095524,-0.07088171885738376,0.04395421414680878,0.01990425296580829,0.037025604289304334,-0.016890064112811132,-0.01447694717999748,0.04317658287777126,-0.00931640633750197,-0.023955451884275447,-0.0010854331102392312,0.004230720793629628,0.0037218059532513337,-0.011007045568159679,-0.0021587799122310125,0.03137515398552965,0.0002595761455197465,-0.007925064887214894,-0.0032145040023116023,-0.02648795052950259,0.032059594456126383,0.00654994312780529,-0.004855729815391063
113,1.3252368007354776,5.358141315417697e-06,0.00674825925752373,0.25600970408645074,-77.26771251137406,-77.2677123144661,-0.031453114810103655,-0.030511544945429292,0.08985308373597714,-0.019312916357820564,-0.052550376508158025,-0.0021807317397277565,0.011438299767600052,0.005615340471130506,-0.02807466993009542,-0.002037350068454069,0.06849022129197568,8.993284420642789e-05,-0.018907084561904597,-0.0024416057988568343,-0.04694889379246199,0.06027216603064578,0.011397965489349779,-0.012738721117924054,-0.014699120517883357,0.00881651655427329,-0.01932302803933328,0.003735568192630989,0.027050044910198023,3.281157923273881e-05,-0.017810477408609415,0.011176574554507157,0.036147351564149055,-0.013857235564529113,-0.03334345725382895,0.0026056761026906905,0.018080122468457027,-0.02415512179410262,-0.037506719413359146,0.024551142829929873,0.010455443028953543,0.018043908206617942
114,1.325240351958371,3.72090382018655e-06,0.00674879603270439,0.07998075708540363,-77.26771682418163,-77.26771668744101,0.04303602698179165,0.011022986993155778,-0.0413160647996221,0.009432993343671425,0.0031837776338687618,0.0015834903391519634,0.015178602764884613,-0.019073871471822434,-0.02719256194071,0.019973567538059983,-0.006701958940866401,-0.0035392011149888575,-0.009955303536717919,0.03398145903465062,0.08497855201768377,-0.07766588709165756,-0.022412393248986598,-0.014514214501514994,0.0004989053324966353,-0.01673484239325229,0.0443279644637633,-0.00921595403192077,-0.037674518458657935,-0.0007479400364507338,0.01709146573861764,-0.006472185579800227,-0.03631649251263569,0.009660576389029063,0.0476784975687691,-0.0019152487652343009,-0.01978069887139,0.01721182661269316,0.012352897951231068,0.0017457054431675445,-0.004008777749751641,-0.0177011811006762
115,1.3252436513472048,4.515172628541109e-06,0.006749302294526258,0.2738527843757355,-77.26772110429205,-77.2677209383626,-0.02720631354951436,-0.032598029200645376,0.09423034389620447,-0.020136216002373974,-0.05932536370794743,-0.002162177695769013,0.016107009219429175,0.002557203612097672,-0.03752108064902283,0.0017003944451896569,0.07682406358648472,-0.0006106510256752989,-0.023598493110507768,0.004080814371652797,-0.0364632053483613,0.05313361899776825,0.008461311338356148,-0.017473229177377043,-0.0166769019256523,0.006688815543930859,-0.013108596810258888,0.0024061804186568114,0.023277631674716,-0.0001172760082814861,-0.016871502742010547,0.011456496706507169,0.03393902453760189,-0.01386872554388785,-0.028441878749905253,0.0025912341749798617,0.016631604948263323,-0.024098530440495813,-0.04031973362541441,0.02837934484463034,0.011117465265246942,0.0170153477313697
116,1.3252471555449976,2.6077339087521523e-06,0.00674983699892003,0.21657518013813096,-77.26772539064824,-77.26772529481583,-0.011756903653754203,-0.03522853283980529,0.09690365956437508,-0.020392954181528533,-0.07291055808643104,-0.001887400211918605,0.02815004418318104,-0.006735389967864824,-0.061344194662450675,0.012550997797241531,0.09307466188204579,-0.0026153755838756176,-0.03484426543056096,0.022849828634129682,-0.0015313154156099823,0.02629308128542074,-0.0010500096220653933,-0.02952537369050704,0.020700151032604364,0.0003162275987107499,-0.006636663378747576,0.0017791845664911765,-0.009620404651249304,0.0005368575021602595,0.012295983494282403,-0.011026685129199132,-0.02372977337385551,0.012396937756834148,0.01089282585701426,-0.002259574144583665,-0.010587083925187812,0.021315317038552162,0.04424501011623416,-0.0365851729250144,-0.011877280713829437,-0.012155856721207225
117,1.3252505970239603,3.689908875347214e-06,0.006750397821930286,0.2753208421970489,-77.26772974234655,-77.26772960674496,0.023882748263150677,0.03372169252671468,-0.09630371126767995,0.02049900019508072,0.06348652999828025,0.002121680217667274,-0.019242865647986024,-0.00035116117705288885,0.04382508654376994,-0.00433928620492724,-0.0819041825405816,0.0011032498199773505,0.02667104599352288,-0.008677409540049263,0.028608423986966544,-0.04747064259882361,-0.006275469267305253,0.020645270699289446,-0.017898160555345433,0.005102724906009604,-0.008542715633381381,0.001435077738979107,0.020340125605207204,-0.00022299638743694672,-0.016016172035529408,0.011530029578055823,0.031996629108144936,-0.013724474758890826,-0.024642558749672194,0.0025533085541191713,0.015413122987903094,-0.02379109588966999,-0.041877592686208054,0.030790606622881356,0.011460774550070517,0.01609336704476072
118,1.3252538469731647,1.1936342623272367e-06,0.0067509319206236745,0.2707973762058884,-77.26773397888279,-77.26773393501756,0.03731712381703306,-0.0079194138865432,0.010574201411312122,-0.0014888702034943635,-0.03632775345852423,0.0005901313202885394,0.03065935797900024,-0.023035205834463765,-0.06091087307166071,0.027096064782607038,0.04367365726210711,-0.00502411343642091,-0.028950232115851238,0.0468894926666424,0.08548857884935625,-0.06463344425931195,-0.023280776749216754,-0.03071792507286774,0.01070924458929512,0.017164263697221793,-0.04861662570609804,0.01032159519420972,0.03303398598182722,0.001041332119154026,-0.010671610171094414,0.00060069373938898,0.024009985023333735,-0.0030857209637173977,-0.042513948355309195,0.0007220816183377554,0.0143408343221898,-0.00592939012775584,0.011463133194717923,-0.021614342970885936,-0.002355604935371139,0.011380093750551712
119,1.3252571860922813,4.153521370858471e-06,0.006751486785573132,0.19805405398821357,-77.26773835540499,-77.26773820276597,0.009615617628839945,0.03514493413737768,-0.09609559199304855,0.020180192967279215,0.07377821570736542,0.0018155918726621978,-0.0293380970472657,0.007862383110036161,0.0636765323095981,-0.013794586286136251,-0.09406061388955345,0.002846098079673523,0.03586616444195867,-0.025005883542795898,-0.002960084685984965,-0.02252929170469198,0.0022809644775720547,0.030717454417111004,-0.02096673957351136,-0.0012100221082402829,0.009104506867842477,-0.0022928602568392797,0.007757463720735991,-0.0005862335531008345,-0.011553954232138786,0.010844579139730692,0.02214500028522859,-0.012062359961299562,-0.008507822714402757,0.0021942449989384993,0.009663213816492267,-0.020699259598708775,-0.04423146087130192,0.03721270020729861,0.011815061560884285,0.011373942272393078
120,1.3252604044147875,3.843559934850305e-06,0.006752042152707618,0.17420192852420982,-77.26774264266727,-77.26774250141912,-0.020538046569186008,0.02475022714229816,-0.059998609954599165,0.012097093811717474,0.06558291381468567,0.0005809704286476591,-0.03727616313340537,0.020250952095663563,0.07705203877214148,-0.026305495034358528,-0.08178423666668717,0.005040633213952095,0.039666609222116955,-0.04614219829947227,-0.06075021369304477,0.03235600170312347,0.017342341913524413,0.03807518123290014,-0.018898626113254546,-0.012533040209518731,0.03861965267774603,-0.008394078519333048,-0.01858825449805024,-0.001039089370770796,0.0010421202049915035,0.005529684555811265,-0.004459395037949232,-0.004481211907927385,0.024739081128735463,0.0007042798887846313,-0.004624795143489457,-0.007244355114211953,-0.0321884905175569,0.03535659147901793,0.008096884137233883,-0.001636957640252179
121,1.3252637321567617,1.4856019018054667e-06,0.006752616021932251,0.042201075747721785,-77.26774690400191,-77.26774684940708,-0.003935615288621852,0.032639619576067785,-0.0856327181903436,0.017745511789027252,0.07493150701568453,0.0013498772288871863,-0.03505541753499103,0.014237566446109129,0.07430574351711877,-0.02062262864172476,-0.09467852640125754,0.004076031027268112,0.04008491256617153,-0.03666519762490361,-0.030363659155408562,0.0017832371101433875,0.009535030988295716,0.036264725572486486,-0.02141560501727313,-0.006621938146187389,0.023625146770311134,-0.005319614160493424,-0.004115332050725118,-0.0008396287406811087,-0.006405943356205368,0.009081219755642467,0.011129697900353897,-0.009314281462185159,0.0065675243599551125,0.0016439714319660403,0.003581969308544153,-0.01576845347941147,-0.041573950227787204,0.038873474687612486,0.01085697956072678,0.006014762865838019
122,1.3252670621920541,3.0270262588175e-06,0.006753182979029882,0.26009325729309546,-77.26775122931204,-77.26775111807093,-0.030691575293105622,-0.03089319700073183,0.09074722643767054,-0.019459253181559,-0.0537402548954848,-0.002151067379136687,0.012229850405557435,0.005069859363150714,-0.029723074161109107,-0.0013978233828311482,0.07003060752529489,-2.883067194833777e-05,-0.01979508957686482,-0.001250256544792678,-0.04523616317851384,0.059113891028808485,0.010783241552576102,-0.013608091046936902,0.015063140136000963,-0.008459036691929045,0.018236697588741912,-0.0035123473108524816,-0.02642784064460052,9.732609718149376e-06,0.017625396892107847,-0.01125892400527051,-0.035824661763038,0.013877806356671685,0.03252724190008646,-0.00261996279691723,-0.01778609211392368,0.024172494900342678,0.03804523990056197,-0.025267903959997895,-0.010553935458628934,-0.01784704553906713
123,1.325270537027598,2.7334136092292737e-06,0.006753786210305922,0.2688639270611306,-77.26775555132316,-77.26775545087212,0.03764064759533681,-0.007382043361872648,0.009003479270525652,-0.001170432053465037,-0.03528963658364262,0.0006361934252273882,0.03027509993119032,-0.023030956230864777,-0.06016713097033871,0.02699745234368378,0.042319562528334506,-0.0050161051643452526,-0.02841313309447191,0.04668218635801694,0.08584813512636155,-0.06532963472229936,-0.02329911270998558,-0.030304571687416258,0.010395967067532874,0.017219016106054363,-0.04869326130815377,0.010326594464022731,0.03330031414499193,0.0010257396620172443,-0.010894649167889181,0.0007910572829754603,0.024480898076575275,-0.0032969239391378302,-0.04285216430194022,0.0007630533663944838,0.014569184431087123,-0.0063139639860755326,0.010801528372482938,-0.021100172855613053,-0.0021442592460058432,0.011622041830682939
124,1.3252739404295075,3.930541294531054e-06,0.006754386124277055,0.2747999473811416,-77.26775989135615,-77.2677597469115,0.035934757907002235,-0.010001018056047334,0.016435019136072364,-0.0027514952289361405,-0.040292248619357346,0.0004800535120875471,0.03184703019773297,-0.023088215860221237,-0.06374728511414353,0.027423886527951746,0.04876310450867048,-0.005121440020139534,-0.03054715283525211,0.04751039620176225,0.08394087195727579,-0.0619070265685,-0.02289201817482449,-0.03198721947112974,-0.011804431197059428,-0.016884218111799854,0.04820502237935753,-0.010250228707610498,-0.03184644072489373,-0.001045046430196539,0.009699107109996552,9.241754969369076e-05,-0.02210133785378321,0.002252108081241655,0.04110394716482106,-0.0005687202671016411,-0.013438360057813625,0.004509329492173086,-0.014062896759317045,0.023541804771242347,0.0030249646300047825,-0.010427021068958764
125,1.325277259137735,5.9379246259794625e-06,0.006754950682435683,0.2008808002722373,-77.26776420286728,-77.26776398465269,-0.0363180236720021,-0.02663845715296423,0.08106038886054151,-0.017539629295765247,-0.04140714059238524,-0.002099488737850916,0.004539717488830863,0.009686731824228634,-0.013982075415995568,-0.007204600171946712,0.054789470779233476,0.001076416607259545,-0.01189952373740888,-0.011366039634484137,-0.060239557476296876,0.0684220593882865,0.014935434776384357,-0.0058156838376636905,-0.011502805157737606,0.011517266809295768,-0.027358927258947507,0.005479825231718971,0.03148393295401131,0.00020998168155239583,-0.0185005254188928,0.010481444817195928,0.03815215620514811,-0.013420719386076918,-0.03915959097589916,0.002568903404348788,0.01944867483304602,-0.023501561860069575,-0.03243791582183686,0.018495549897940222,0.00917850825546658,0.018865801789734737
126,1.325280719113963,4.879731076164262e-06,0.0067555862994802636,0.15932930869462614,-77.26776852421865,-77.26776834489193,0.019284741515416037,-0.025567470377061266,0.062496975717098446,-0.012648592802262992,-0.06676897455627956,-0.0006219851717298996,0.037257838335431476,-0.01990121442398886,-0.07731810635010852,0.025992510136576386,0.08337515834858983,-0.005008347323899848,-0.03987446865250188,0.045642000174239486,0.058566055668921146,-0.030012028532662383,-0.016779499165497008,-0.03811459254028279,0.019208816358037284,0.012107476726469057,-0.03761242850462021,0.008180541894448723,0.01746904265749466,0.0010226782801643353,-0.0004195809190767896,-0.005860594382293582,0.0031624960132844437,0.00491873637129614,-0.023367496435179297,-0.0007914489578111361,0.003992254952448704,0.007987209697084663,0.03319719854043601,-0.03588076865715095,-0.00833563826357498,0.0010215046285457774
127,1.3252840924146674,7.815084564239783e-06,0.00675618324804071,0.06936062641581625,-77.2677728925283,-77.26777260532938,-0.012239340520006026,0.029423035886826224,-0.07473524785419101,0.015325743161173189,0.07186514713280498,0.0009667076632407234,-0.036814650748632494,0.01753747687543515,0.07722785749744583,-0.0238598284292951,-0.0902874498631738,0.004654860578205772,0.04064573398066229,-0.042128056709227285,-0.045988220832864565,0.016942342556109713,0.013589846677339049,0.037874042948182016,0.020600895019769028,0.009672138372373462,-0.03154023472753009,0.006940972630959719,0.011329491050553864,0.0009515281281462507,0.0028590343296588383,-0.007517580004808844,-0.0036806850557843385,0.007125804127275592,-0.015680933802168395,-0.0012199757849382653,0.000433622710017012,0.011869046578064424,0.037827957678359336,-0.03796032881767708,-0.009672162194015142,-0.0023385902382540014
128,1.3252873535568965,3.2495450053232846e-06,0.006756820964665,0.2731867063744716,-77.26777713785557,-77.26777701843706,0.022593575562752932,0.034018932328498716,-0.09682204329706584,0.020559062399355232,0.06473963475623842,0.00205954568345576,-0.020231639405715263,0.00045661668734912897,0.04590964532040257,-0.005245708588078712,-0.08350303724474803,0.0012782032207748484,0.0277040658845793,-0.010333114454388673,0.02585382916056239,-0.04537935585289943,-0.00537903207296693,0.021720819911871733,-0.01827897599331807,0.004541071781447359,-0.006888409843107124,0.001099095304157638,0.01927471909720077,-0.00027409920560317325,-0.015635427360445986,0.011549711540053131,0.03126854885662189,-0.013646444007787695,-0.02325092458605013,0.0025505558668614814,0.014869702543857777,-0.023618802913451642,-0.04234039612108065,0.031592049513538,0.011504225080800769,0.015683800446308016
129,1.3252905933252752,4.4481050172464626e-06,0.00675745357800473,0.246137894502062,-77.26778146440557,-77.26778130094081,0.0280586558666584,-0.018904605912869007,0.04228544148956445,-0.00828751330224023,-0.05625387723796802,-9.340658839795957e-05,0.035900857547639914,-0.02216928260103701,-0.07346185379292225,0.027605967050066904,0.069486130308459,-0.005252347496372961,-0.03668599723798227,0.04815618908515573,0.07296531185160846,-0.046591969924139276,-0.020314553641731257,-0.03644314546347066,0.016272966904847586,0.01485144408433503,-0.04409109819619361,0.009470244591015975,0.025060221092686574,0.0010629448679175812,-0.004936537516140316,-0.0032591175773368786,0.012472063010220413,0.0016084473357439455,-0.03281261526770815,-0.00015884736724736115,0.008734878464559337,0.002181876302651875,0.02507909790369167,-0.03114999978002153,-0.006021808634629686,0.005635839781608976
130,1.3252939499961585,1.934330806784601e-06,0.0067580855037403945,0.2044054701878994,-77.26778572373028,-77.26778565264497,-0.023371216990166366,0.02277011604373695,-0.05388426540558005,0.010787995172670373,0.06254865837774967,0.00037748324018715973,-0.03689924685387469,0.021080863879202147,0.07617499687621293,-0.02691168630032517,-0.0777675638043485,0.00516332107234338,0.03870733987771868,-0.04711499010686511,-0.06546075484708352,0.03768681509398886,0.01848291561052346,0.037629219063922525,0.01802701807309237,0.013425942060884655,-0.04080583694643902,0.008817115748456894,0.02099683585439538,0.0010454533084778284,-0.002447232272852373,-0.004736390359764142,0.0073560698429316895,0.003471996827398738,-0.027780254771569896,-0.0005151598996300244,0.006161939128737082,0.005434619352182923,0.0298128008891827,-0.03403083750483482,-0.007340752136128947,0.0031066728054760517
131,1.32529730014156,1.7664740370321397e-06,0.006758715269632526,0.2728025539850211,-77.26779002556019,-77.2677899606435,-0.036635944974723056,0.008960714861123167,-0.013401534175849251,0.0021272780390917956,0.038316726442109525,-0.0005642626078220525,-0.031169331007789403,0.0231085665786335,0.06238108249422301,-0.02727495454572937,-0.04619153171191337,0.005105750889511582,0.029588695199552095,-0.047192137536666956,-0.08477914619237649,0.06336425728960293,0.022997661366720955,0.03125810959230799,-0.011219208257437163,-0.01702258995101813,0.048436076939897044,-0.010280300309015056,-0.03243024002408157,-0.001022501632702344,0.010163157707822501,-0.0002753364840286654,-0.02306472460335207,0.0026716713273136072,0.04183567263089526,-0.000649092051366873,-0.013908537777468588,0.005262036599613218,-0.012780429735718801,0.0225732173087847,0.002630457228617898,-0.01091932891675751
132,1.325300602665986,4.672633429370876e-06,0.006759363486302284,0.04189648976085654,-77.2677944148372,-77.26779424312117,-0.010221478451012622,0.030332790290266032,-0.0777175578568561,0.015986504947913455,0.07287285649537363,0.0010342698806753425,-0.03643418341801227,0.0168024293037924,0.07677775417932359,-0.023130496685817098,-0.09171164971344387,0.0045423067506379505,0.040586038855350504,-0.040924450269976154,-0.042203377547514034,0.013213614751580227,0.012628023893988233,0.03756660459373437,0.020861266667929423,0.008932418330236613,-0.029680102711285294,0.006550117777885944,0.009537595191964787,0.0009242732931520337,0.0037548862223542034,-0.00793975675722014,-0.005584364346752357,0.007705100081946803,-0.01344744775637044,-0.0013374433276738262,-0.0005334078814867027,0.012873894119210028,0.03892381396614475,-0.03833796286863134,-0.009956703127820765,-0.0032461768735887464
133,1.3253038785280042,4.184482673036883e-06,0.00676002984658892,0.060257009558200514,-77.26779871324707,-77.26779855947025,0.011585517173117066,-0.029730960529446696,0.07572773102660271,-0.015548779083905534,-0.07220597465455122,-0.0009682758044156636,0.03664929508832779,-0.01731803660434368,-0.07710326689508729,0.023622468156318716,0.09078066397555432,-0.004630188241718,-0.040587843291388426,0.041747678652983206,0.044726336002495246,-0.015720658042451596,-0.013273370840193595,-0.037752336087870014,-0.02067969881046483,-0.009422937879529858,0.030938636185636526,-0.006807038147122579,-0.010722357776722813,-0.000940149061529949,-0.003155827700734637,0.0076605832670382235,0.004327171986365674,-0.007322834074122486,0.014941596262898094,0.001263254377857903,-0.00013729851447052965,-0.012194186874866175,-0.03821473047878676,0.038102697246916506,0.009737303001182952,0.0026258169904553874
134,1.325307301374299,1.995130055624372e-06,0.0067606899477784576,0.2274691469681251,-77.26780298871375,-77.26780291539411,0.025801864210215242,-0.02086884191181905,0.048114864024119686,-0.009551266099247668,-0.059506255969022905,-0.0002160058735410364,0.0364314827625381,-0.02170091952683846,-0.07499300547637433,0.027326571211192113,0.07375389617861058,-0.005234344740172342,-0.0377088796288898,0.04775116728973976,0.06940547576755163,-0.04229977245581251,-0.019429046060677656,-0.03707698370156459,-0.017165834281312242,-0.01417253635583604,0.04256839474639129,-0.009162414497205562,-0.02308578741238526,-0.0010502967312080447,0.003705535508936819,0.003996659464579944,-0.009951092829906583,-0.002539523653349862,0.030390379538842577,0.000337728838187612,-0.007493811133881145,-0.00378772578464881,-0.0275013919537046,0.03265604805681743,0.006659010549446419,-0.0044033420697580095
135,1.3253105481846268,2.7212717022138124e-06,0.006761351917403171,0.22927280750046358,-77.26780731798544,-77.2678072179806,-0.013366670230771094,-0.035185927405027864,0.09734751087674205,-0.020490881888539703,-0.07191991836546048,-0.001841229463734495,0.026927252035247512,-0.005876077835857668,-0.059254241580469394,0.01148195724016332,0.09206013651743988,-0.002444571502187992,-0.033875876455709886,0.02113588280243869,-0.005359424881892505,0.029324219299623033,-0.00021409571353801782,-0.02844804344846577,-0.020404104151168334,0.00044049836789961105,0.004653740338570356,-0.0013299741335559556,0.011176066441287269,-0.0005137321451802457,-0.012808706156360872,0.011185562092445922,0.025046037852658132,-0.01265624977552493,-0.012832088144286241,0.0023405716332864923,0.011158576955089039,-0.02174138810754478,-0.04419909312069814,0.036040457261519165,0.011771349350197725,0.012672475441363185
136,1.3253139946510653,3.582477418191843e-06,0.006762031909160769,0.0638289141612552,-77.2678116570848,-77.26781152543126,-0.01186362732384938,0.029606406580090103,-0.0753116408158084,0.015459613101228342,0.0720557558916085,0.0009413945630986353,-0.036655839408818974,0.017430945289786795,0.07716049046090784,-0.023716331322856526,-0.09058175012817732,0.004654239269907892,0.040551702941998835,-0.04191114459957017,-0.04521027587409182,0.01622448201231208,0.013399786966261262,0.03776579239598478,0.020632573011286515,0.009515109617564521,-0.031189678879125604,0.006853303850904435,0.010946420600245366,0.0009415202002232004,0.0030354473360469925,-0.0076047656097324445,-0.00408560503863975,0.007247700700514614,-0.015235358762218654,-0.00125097012261155,0.0002865445123019228,0.012050226989372192,0.03807727399103733,-0.03805556941105426,-0.009671632835231259,-0.0024925401508841816
137,1.3253172317291815,3.7571555274695357e-06,0.006762734217117708,0.2724744666662862,-77.26781599614922,-77.26781585807637,0.03316104615435811,-0.013607565581213663,0.026687682415619002,-0.004969891888136013,-0.04695833080012915,0.00029496214994784165,0.03363094765921437,-0.02298518489178321,-0.06820622037255833,0.027755424714615368,0.057358288682449354,-0.0052557998979451265,-0.033068860926637855,0.04818755368546246,0.08040966115231929,-0.05650866571341884,-0.021994761094793577,-0.03393028544740808,-0.013633419377644618,-0.016227982821757525,0.04703888858185512,-0.010026187063516323,-0.029434248386865203,-0.0010406582336595083,0.00788395277038001,0.0013246531437549613,-0.018497740232388704,0.0007490166151113975,0.03822081759655288,-0.0002883053488473841,-0.011729215155240169,0.0019516620804009843,-0.018562672051955165,0.026755852210907705,0.004165098387914137,-0.008649512715006136
138,1.3253205573576858,2.8214367313069035e-06,0.006763410001178915,0.2351163647650813,-77.26782029550107,-77.26782019181523,0.014184554005305106,0.03515414277090219,-0.09751470201189957,0.020536362130404384,0.07142565138166013,0.0018480640071248389,-0.026369025824101666,0.005425425630011485,0.05820372680156353,-0.010956580087796625,-0.09150956033175157,0.0023511050979075354,0.03340245960819588,-0.020251146802976832,0.007195018061229727,-0.030797769832028088,-0.0002445126478392186,0.02791678804405065,0.020257851068862687,-0.0008050823412080188,-0.003660256200779588,0.0011158240626027993,-0.011918575462097625,0.0004975114214609277,0.013072007146064601,-0.011248080768383906,-0.025657894941103154,0.012772868952312666,0.013775561850398799,-0.0023697182798576577,-0.011480521215778694,0.021949269070674626,0.04413827623363753,-0.03573803001406528,-0.011753092349385194,-0.012947918233358058
139,1.3253238180375586,3.4999144613124145e-06,0.00676409424883482,0.036998720689175146,-77.26782461135353,-77.26782448273411,-0.04269633753633095,-0.013490040492380562,0.04810011469787659,-0.01075061587086168,-0.008794737850461747,-0.0016861896501068896,-0.012445269455971186,0.018054496590768326,0.021698069889402094,-0.018462194769595708,0.013980238027548518,0.003291972492672504,0.006562665460601469,-0.031113969876394816,-0.08296106033388473,0.07779175217214518,0.021364013600922063,0.011557092904020745,0.002198249265043861,-0.016250345476989336,0.04257027384158063,-0.008818580935693765,-0.03738891518011922,-0.0006222281161760712,0.017486505726035606,-0.007240816965021768,-0.03725050975473321,0.010389948810476501,0.04726894138494345,-0.0020728420764035693,-0.019993579434226305,0.018500139514876834,0.015512358038207275,-0.0012625434316317907,-0.00488900327768875,-0.0181370519324755
140,1.3253271296484055,2.9528314304712923e-06,0.006764808745998971,0.11025889350286716,-77.26782892764432,-77.26782881912982,-0.040060122364481865,-0.021507023016706844,0.06866968675670455,-0.014981054525177145,-0.02801170668948572,-0.001951146529517861,-0.002879828052214678,0.013645866126761677,0.001494041561312831,-0.012395724048895329,0.0381839595180201,0.0020966123551845184,-0.004118786362273363,-0.02036576842821812,-0.07198536611900602,0.07443551535306847,0.01805467248962582,0.001676171975310968,-0.0076986714142630586,0.013924747619157962,-0.0348097129505357,0.007108822967418771,0.034941679618859356,0.0003781091377448309,-0.01849907415152141,0.009349369448563793,0.038791779664390846,-0.012440145144561487,-0.04380246332736307,0.002432183083640238,0.020150415706379654,-0.021921760010316982,-0.02580545333896289,0.011378652036547976,0.007508426651098139,0.01901309440372345
141,1.3253304854938845,3.851333323009953e-06,0.0067655235564691146,0.02939840694626624,-77.26783327275609,-77.26783313122228,0.009336316376833909,-0.030711318844382454,0.07896536524353218,-0.0162677494895572,-0.0732419012033327,-0.0010302801768089231,0.03615996639960589,-0.0164908494558378,-0.07651897473414085,0.022784329110367735,0.09227021567195579,-0.004505348422738878,-0.04045730938884651,0.04037034508261194,0.04044819944046214,-0.01155555300842237,-0.012196491251011597,-0.037358961350281356,-0.020942209466751738,-0.008585280738889978,0.028838865645340772,-0.00636119861591089,-0.008706614592612794,-0.0009088674510999706,-0.004146514503412968,0.008125180807039722,0.006452012918304217,-0.007962126910561307,0.012435970488595655,0.0013958861367624475,0.0009229966791624022,-0.013296286431067728,-0.03940188327802696,0.0384890528174715,0.010027030466934941,0.0036239860287194947
142,1.3253338697072,2.44706584091432e-06,0.006766255643478027,0.015045187456751716,-77.26783759087242,-77.26783750094445,0.04247846419125478,0.014726270758666352,-0.051363163889583896,0.011415490147833607,0.011655567604873976,0.00173162324074011,0.01107886261069127,-0.01748527370132813,-0.018824554906138796,0.017649893282500356,-0.01761681160789228,-0.0031360391068885607,-0.004975208488104066,0.029648354805115955,0.08171709972247106,-0.07764750174416868,-0.02092810785942495,-0.010124965060596347,-0.0030265954512075366,0.015976639569265094,-0.04160509246333177,0.008604000195897354,0.037185319412191414,0.000581848415484254,-0.01769706826215267,0.007590446502067305,0.037641506007727976,-0.010738013369213317,-0.04696232493579547,0.0021384333498291053,0.020090574168278863,-0.0190906896399885,-0.01709473215065671,0.002767102718395975,0.005300609092259864,0.01833803684094848
143,1.3253371350976308,7.198789685841689e-06,0.0067669635504098505,0.058435618073105364,-77.26784199652764,-77.26784173197713,-0.011492601766547483,0.0297829983269116,-0.07587487359256972,0.015589335640173896,0.0722389718435598,0.0009253749613113982,-0.03651736883196727,0.017316702730145392,0.07708452089688946,-0.023575726334636754,-0.09086136125145833,0.0046486560877927185,0.04047603018814461,-0.04169304418652025,-0.04445398497513334,0.015520331104863727,0.013215732537343663,0.03767030662171578,0.020667441302864797,0.009363602009487382,-0.030842262657274078,0.006769903362236596,0.010578505973689312,0.0009331486311578985,0.0032067108691555823,-0.007689250298010153,-0.004474541751435135,0.007364603061666197,-0.014800202720377215,-0.001279622979401429,0.00013416374404151554,0.012231608680803974,0.038311113363239446,-0.03814282233997002,-0.009684263645593327,-0.00264783460628526
144,1.3253403083692363,3.1694340957187708e-06,0.006767702802374304,0.13653975421716286,-77.26784626305788,-77.26784614658338,0.03917136308895042,0.022927684755065222,-0.07224171089143255,0.015696081248652294,0.031612278629262025,0.0019809571337778,0.0009367509298088272,-0.012644949920624857,0.0025567549502236928,0.011077518428028843,-0.04272605450073107,-0.001844210827449344,0.006268079715325836,0.018015162257482082,0.06920212700701642,-0.07314979341076633,-0.017184121220455484,0.0003460826278361348,0.008744084388950801,-0.013341042289398475,0.03295061991020687,-0.006706602787605043,-0.03415410764560095,-0.0003171276297813108,0.01852657219430509,-0.009703614777007763,-0.03878082467533139,0.01274834331036756,0.04273830513206124,-0.002489629492252954,-0.019988562455023562,0.022428336166236962,0.027652745227535913,-0.013323834650992517,-0.007967876586292465,-0.019015783340375902
145,1.3253435271348384,9.659338113144145e-06,0.006768414876113119,0.08253469725379031,-77.26785066869776,-77.26785031372381,0.0009060436782777348,-0.033491231181006734,0.08878273286247568,-0.01845580650464368,-0.07521889166941921,-0.0013488997772792832,0.033769655556312395,-0.012976648131513252,-0.0724649454140097,0.019192202807421455,0.09535943449794827,-0.0038743012871654547,-0.03926471302456758,0.03434137551987263,0.024081021965817573,0.003852617487205112,-0.00801403903588067,-0.03517560834984314,-0.02144180808130569,-0.005381010774259121,0.02048967238903987,-0.004625859643784036,-0.0012971826520467022,-0.0007896172321433248,-0.007625269641018173,0.009595749747926874,0.0138872051870641,-0.010055845731482105,0.003086374429528277,0.0018179067657249082,0.004868123554548021,-0.01700924312394836,-0.042627037890573316,0.03888065954303688,0.011005312372798767,0.007221870780890205
146,1.3253470726209555,1.5366764881520112e-06,0.006769177456819332,0.17147529720655144,-77.26785487627949,-77.2678548198077,0.006808097720685857,0.034878088032586296,-0.094698876507323,0.019816724114962853,0.07445510781066733,0.0016058568765640324,-0.030470211192332175,0.009321080389316214,0.0662934337367781,-0.01526588190680453,-0.09491540568575967,0.003159601714397914,0.03687081244616919,-0.027674051211742205,-0.008365153024231367,-0.017759541182617244,0.003935180664936144,0.03200513720380316,-0.021172339108670224,-0.0022834954741082214,0.012182862036249076,-0.0028913749570258496,0.005483724789424382,-0.0006560959016417289,-0.010532095527869156,0.010606561815583282,0.020174077507251642,-0.011616864083914824,-0.005530674709148087,0.0021377782156939418,0.008308574951015224,-0.019815809197072376,-0.044098410723865555,0.03790409872646627,0.011539692775319958,0.010259788866312514
147,1.3253503573935597,6.770867799900771e-06,0.0067699172197624195,0.02822609919008687,-77.26785931073296,-77.26785906190828,-0.005088522830932307,0.03228126869382322,-0.08436086634370446,0.017465846073100144,0.07459953288042898,0.0011787761067738045,-0.03507297383491684,0.014793400357403952,0.0748256480245,-0.021059991391275595,-0.094302007836152,0.004214789882059852,0.04000735751206941,-0.037497597231742785,-0.0322630437840257,0.0037482844719589625,0.010125403136245461,0.036404696114405166,-0.02129036525358985,-0.00698422160535217,0.024721751985290807,-0.005500334161360199,-0.004949209728546233,-0.0008512397611801781,-0.005941130636128111,0.00891914609950728,0.010296987220517972,-0.009074156837169833,0.007716729646126352,0.0016227645066844154,0.0029188001545499276,-0.015250849686954115,-0.04125618726750879,0.03888718673370395,0.010548405275218976,0.005465923316195331
148,1.325353533558082,2.3605802271106312e-06,0.006770663708956643,0.17164577279179222,-77.26786354168236,-77.26786345493268,-0.006819580266967995,-0.03487739221572049,0.09470770231331803,-0.019817579863201623,-0.07443786712331256,-0.0015968134313393,0.030439442397114047,-0.009317517452942486,-0.06626845593954805,0.015252465339584076,0.09490712953864891,-0.003160629269611276,-0.03685097769575019,0.0276607220266187,0.008306676733746243,0.017796230089212495,-0.003935074773296115,-0.03198848040657605,-0.021166610936143138,-0.002271904588351692,0.01216295905512943,-0.0028837347090180376,0.0055082420808979515,-0.0006567215416324323,-0.010534475827729706,0.010611383350804582,0.020197360020195898,-0.011621915418163375,-0.005555937767960428,0.0021414183106218676,0.008302620915913828,-0.019819352561630033,-0.044104116574930075,0.037904115975130104,0.011527569486240376,0.010259100730614756
149,1.3253569475197502,2.0286578674642896e-06,0.006771431570209187,0.2701953751521558,-77.26786787850618,-77.26786780395442,0.021507912904505155,0.03419186511599806,-0.09714163903337597,0.020567367148617538,0.06556128734397508,0.0019569156429212198,-0.020878911564223168,0.0011100107510544216,0.04742469955997404,-0.005925435884738206,-0.08464736248748589,0.0014195376823473854,0.02847085409409411,-0.011652098478371172,0.02381027533866413,-0.0437417866982559,-0.0045637022451730964,0.022530210809468924,0.018544573353093563,-0.004118756145166547,0.005582308251303791,-0.000853389478770783,-0.01846143197625827,0.0003289209218715339,0.015278256468710616,-0.01157752633297826,-0.030717822997318844,0.013581545311739274,0.022166546749874616,-0.002566671022068201,-0.014337516717161769,0.023454707749837933,0.042671053482099985,-0.03221346893760657,-0.011463540045308696,-0.015297788635890042
150,1.3253601343136237,1.5534189323744842e-06,0.0067722092724596455,0.20662724774662972,-77.26787220631503,-77.26787214922797,0.0357286891180601,0.026980339194982814,-0.0820957462617615,0.01767046113583773,0.04235395045522887,0.0020430865824540845,-0.005144736806142608,-0.009281839020155391,0.015223748225113472,0.006747588391147086,-0.0561744343779831,-0.0010072771440433753,0.012793116408603922,0.010374159110174471,0.05922192671718915,-0.06779511824750228,-0.014252175362227545,0.006614261881038419,0.011845409966157239,-0.011279049137166375,0.026557945373435587,-0.005329589772681276,-0.03109240842078187,-0.00013742761456425612,0.018318921378922548,-0.010623164532181706,-0.03805225063695872,0.013485659648320825,0.038648434494422054,-0.002616613985932048,-0.019158990010144095,0.02360381367051312,0.03295254280752369,-0.019161411210575352,-0.009257626074805361,-0.018704195943506363
151,1.3253632760271246,5.6902392356164455e-06,0.006772968710788165,0.0690351707192971,-77.26787659576397,-77.26787638665164,0.0019896910429538783,-0.03320951845967657,0.0877284293458736,-0.018219161693710767,-0.07510418005333043,-0.0012799642434783154,0.03407038632154949,-0.013470492523027233,-0.07312307878338023,0.019679980840815736,0.09517140351572244,-0.003975858128676582,-0.0394406684048112,0.035186514722987165,0.026142722622719466,0.001919771893232225,-0.00857372720268108,-0.03549225081309511,0.021409323534847036,0.005783849837303512,-0.02159060544544089,0.004844060293852648,0.002205508690893754,0.0008060704695327381,0.007196423650265071,-0.009437627001347648,-0.013008634069439085,0.009819770696784746,-0.0042583922548116715,-0.00177688524018782,-0.004340611427220864,0.016568182996246517,0.04233138853990326,-0.03892896674853308,-0.010861522268284546,-0.006761334254368867
152,1.3253667522395713,2.8405241076654876e-06,0.006773744263986078,0.01470391490664475,-77.26788088758539,-77.26788078319811,-0.006120116394792374,0.031936083440289906,-0.08314432086545634,0.017198040788151847,0.07432277523960396,0.0011133300786250744,-0.03529027649291927,0.015234883965905388,0.07529379294728096,-0.021484687815118447,-0.09390282043784712,0.004302935214608686,0.040085440670149186,-0.03822505930587955,-0.03419264018049094,0.005611599244475851,0.010634137097921013,0.036626902805442785,0.021210432900479192,0.007359097768244505,-0.025728315087245712,0.005699919862593772,0.005818881141255283,0.0008638791068149576,0.005516280834557685,-0.008743562658330761,-0.009419682640184779,0.008824050332503441,-0.008834124010774214,-0.0015776666726277089,-0.0024092451251904734,0.01478926278768844,0.04087359479428487,-0.03884143880494939,-0.010389555028082684,-0.005011809501042297
153,1.3253699146672553,7.466733371842338e-07,0.006774547719398257,0.18052719092805627,-77.26788518616138,-77.26788515872165,0.037215302154158414,0.025400841778631722,-0.07836336469025629,0.016909733045558123,0.038073414794538886,0.0020134716250276713,-0.002674924713652438,-0.010682039880591146,0.01007695017077543,0.008541612448338676,-0.05086990618758061,-0.001358805359096854,0.010224907845881148,0.013496441182811712,0.06352107319530235,-0.07021663078028939,-0.01541875168780709,0.0041106750582623405,0.010625600793639167,-0.012157347203358704,0.029239575120149075,-0.005910295963166945,-0.03243831654573626,-0.00019892108867902714,0.01843312027197408,-0.010295180300847973,-0.03847965631878958,0.013229943587378057,0.04044101810714554,-0.002581678758273087,-0.019522700191594744,0.023204587493873885,0.03089225199144785,-0.016855668498230614,-0.008754761551076587,-0.018871570945852012
154,1.3253731686582415,4.9023431979748015e-06,0.006775312206053246,0.22572413453452134,-77.26788958197231,-77.26788940181461,-0.012871869069483455,-0.03515583840240044,0.0972322280712116,-0.020437985749729964,-0.07200339106974865,-0.0017433360185256375,0.02699539476551971,-0.006149612464614804,-0.059667151510790106,0.011703336939625775,0.09227147147979575,-0.002511206466823318,-0.034022162548769774,0.02162251493909141,-0.004658370250378546,0.028633285662835295,-0.0005851444821370483,-0.028652163824693308,-0.02043588732907864,0.0002967718701949451,0.005157443583151178,-0.0014041952661016932,0.010878194027299115,-0.0005386913803302473,-0.01261624519585669,0.011185048804837283,0.024821011443128094,-0.012610985603627944,-0.012403591722616542,0.0023577397226266505,0.010847043558814384,-0.021612299454128125,-0.04424666232235408,0.03622026983585691,0.011655876474413455,0.012449158953780515
155,1.3253765990534006,2.4479977812916334e-06,0.0067761245660805875,0.04271666841194348,-77.2678938859021,-77.26789379593988,0.004028209965838636,-0.03262217195761746,0.08557754590684483,-0.017739743077536202,-0.0747942380351516,-0.0011826959396470105,0.03466858660639452,-0.014364009598342636,-0.07426878644765665,0.02058522887857936,0.0946580593785272,-0.00414873027149637,-0.03976952438589776,0.03672377890273601,0.030093775829633115,-0.0017727579873745292,-0.009601418690141014,-0.03607110907769048,0.021328156838826162,0.006556435747009592,-0.023647799492567678,0.005263917994629441,0.0039650838761410845,0.0008350074789063022,0.006377453423592749,-0.009111577206679877,-0.011278834761946244,0.009346156828151098,-0.006500699916993785,-0.0016855954764649628,-0.003376592703653536,0.01570979103191117,0.041676242924648665,-0.03893909238155224,-0.010619033531388003,-0.005899020672575528
156,1.325379908077183,1.2150464625648282e-06,0.0067769265191061035,0.2596937992899231,-77.26789820442765,-77.26789815977554,-0.018525266912919502,-0.03471181701149703,0.09771142529229243,-0.020626522225962063,-0.06817608100654676,-0.0018698733251448496,0.023128632864271137,-0.0029206271101075154,-0.05201680711519579,0.008006757857614344,0.08781803926167403,-0.0018187385348010232,-0.030599959716918868,0.015282784177744306,-0.017174726224528064,0.03861635813392428,0.0027077016887209447,-0.024831280092596643,0.019314523381360527,-0.0027885253413983957,0.0017839421546409495,-6.128625111156971e-05,-0.015876853992855933,0.0004119891973246581,0.014394742183403864,-0.011511388413061097,-0.02880604171105161,0.013314320119233836,0.01882099174197449,-0.0025151600738564373,-0.01313339572143768,0.022924804639115948,0.043470746059468546,-0.03382890371145031,-0.01156902863377672,-0.014345475626527104
157,1.32538309078029,5.047777327570202e-06,0.006777719555355523,0.2486290295906437,-77.26790260546875,-77.26790241996645,-0.028586063758576863,0.018450002061685025,-0.04072225963319534,0.008016184531796255,0.05544861946690849,-4.862349320680637e-05,-0.03544273712528917,0.022389500672965995,0.0731470665494364,-0.027665035787050152,-0.06841143799088151,0.0053465546436734235,0.03596933439776251,-0.04820621365406918,-0.07372853732667359,0.047708317741324,0.0203295294433809,0.03600579925994736,0.01595176251717545,0.01496225639172799,-0.044446148185043666,0.009501908645157986,0.02540169713753379,0.0010199091514624392,-0.005165707320753166,-0.003060215080244122,0.012986618359126068,0.0014030081526151816,-0.03334873857197379,-0.00012375911404305384,0.009104342175787927,0.0017211975004721713,0.024588615731683916,-0.030795314169983712,-0.005676197377516318,0.00597476405681352
158,1.3253862952031796,6.585152577656573e-06,0.0067785804994089285,0.1055516087316893,-77.26790702411586,-77.26790678211609,0.04007576158845588,0.021224590190704842,-0.06815384407703219,0.014816457878037176,0.02730693805399689,0.0019179279768279517,0.003184531359720272,-0.013802967208216763,-0.0022418900734581804,0.012621549468890075,-0.037443737813080746,-0.002165816537577747,0.003979866219472994,0.020637110577495184,0.07251674830495766,-0.07467816651458636,-0.017921933800892444,-0.001873125593701147,0.007558674138100185,-0.014011339518288812,0.03505388843694879,-0.007173174293811702,-0.035032636589172717,-0.00034384704272594213,0.01838435248084802,-0.009332652749851178,-0.03879528446550573,0.012389173616724314,0.04395004290952041,-0.0024490488243071873,-0.020053262411178885,0.021850179196598707,0.025475909460197954,-0.011105763530681934,-0.007423593248806898,-0.018941617564606883
159,1.3253894590966864,3.0533073641549893e-06,0.006779368120399018,0.2565219384441206,-77.26791125895332,-77.2679111467464,-0.017845673268800655,-0.03479531100194945,0.09775658816417673,-0.0206211362153135,-0.06868649048995301,-0.001842575115927808,0.023591645252564936,-0.003320986252086988,-0.0529801656368857,0.008457134955529189,0.08844232272543572,-0.0019068127144027808,-0.03103865078692425,0.016074495088549603,-0.01571157047753806,0.03745668006291747,0.0022859699300167673,-0.025315464219438102,-0.01946628522084748,0.0024954766078972845,-0.0009437001392960109,-0.0001112345200811049,0.015298686362307967,-0.0004312676534905524,-0.01418339920552314,0.01148977132231832,0.028366492568513757,-0.01324561337061736,-0.01807046814019131,0.0025041102000935567,0.012845563970605767,-0.02278795757383334,-0.04361316872305521,0.03416096834646254,0.011574491421500271,0.01411753374723479
160,1.3253928268126012,1.6072769655409047e-06,0.00678019537892301,0.19676854753882878,-77.26791557415466,-77.26791551508835,-0.009386970998740696,-0.035072747995706116,0.09602517411319231,-0.020126606374673006,-0.07352909894906318,-0.0016191890372284634,0.028947217238974976,-0.008013062891794306,-0.06358179784579104,0.013761417513114799,0.09400944924006607,-0.0029045272898038654,-0.03568320010591863,0.0251716024106007,0.0026939373612429457,0.022488142727219662,-0.0025661418141094613,-0.030613597301599127,-0.02089080362070006,-0.0011617813592765813,0.00920555477817031,-0.002243724149679327,0.007854043596661642,-0.0006134546955183229,-0.01142878898380717,0.010897780005743707,0.02226586382709972,-0.012082731091029197,-0.008517136639198841,0.0022537120847681003,0.009343704235742933,-0.02062689662838857,-0.04429598317242478,0.03730234360947193,0.011553991024458962,0.011184307177902753
161,1.325396092868823,6.016467091529876e-06,0.00678103273725966,0.08208456523558424,-77.26792001830565,-77.26791979720467,-0.0010034908808528864,0.033467910854746305,-0.08871710231494784,0.01844299994355858,0.07514035408266356,0.0012694488748688781,-0.03360591710569347,0.013051339740516518,0.07246460570999297,-0.01919820758414717,-0.0953368964452389,0.003910737013885071,0.03913516937774775,-0.034406100319022206,-0.024038597796448777,-0.0037705537506333986,0.00808339208632759,0.03511090851262931,-0.021403383383949204,-0.005367912150882503,0.02054859052340563,-0.0046101162960210385,-0.0012695567324590429,-0.0007911522159691486,-0.007586305288751927,0.009605814077439323,0.01391749713282786,-0.010060019053186653,0.003105856215269792,0.0018367387089819331,0.004743112139243166,-0.01696790429479622,-0.04265688985189087,0.038916711882663435,0.010893702885428347,0.007145215702645258
162,1.3253992276800752,9.581994409074923e-07,0.006781863563964582,0.2184663368541609,-77.26792425495597,-77.26792421974281,0.011924533210551314,0.03514556388473468,-0.09697258604668889,0.020362057867271494,0.07241228987548887,0.0016823369710198266,-0.02746979091712798,0.006665241795420343,0.06071993592132678,-0.012249669197365004,-0.09278247617820742,0.002624755826371769,0.034459650700713995,-0.02259714133395242,0.0027676189766335096,-0.027026781664053035,0.001156521956519805,0.02917793835133338,-0.020559907468984395,-7.980161473541969e-05,0.0062431919531464874,-0.001618854410655457,0.010102263454214055,-0.0005641475339310809,-0.012289569816826607,0.01112618185340808,0.02418267249134587,-0.012483721042044094,-0.011389488913309986,0.002341741137060094,0.010405802020583721,-0.02135844118036201,-0.04429766339661079,0.03654625071792772,0.01159928640078458,0.012094205348988085
163,1.3254024996435367,3.1675098901928324e-06,0.006782699825383191,0.2431135665532551,-77.26792863331922,-77.26792851691543,-0.015409173871799298,-0.035027177635954435,0.09768614313090423,-0.020563666953787224,-0.07040049391176409,-0.001768596065220257,0.025246703347341276,-0.004730590716916477,-0.05633401617756513,0.010057313929256878,0.09047921831101591,-0.0022135569153886037,-0.03254095337087426,0.018845384640700808,-0.010380264154520188,0.03320977691984783,0.0008336593129212658,-0.026989709818224246,-0.019969963043445338,0.0014322833097080157,0.002054411656350341,-0.0007365175598041951,0.013179241823357446,-0.0004907792308472825,-0.013421058013004972,0.011373043168691366,0.026705770490007996,-0.012964550485994653,-0.0153355416811152,0.0024474531539746547,0.011840296796687078,-0.022249420319976343,-0.044015778185799714,0.035251792305560414,0.011600393699333356,0.013298922116312673
164,1.3254057637097616,5.115377034283597e-06,0.0067835366316084675,0.07946289464819525,-77.26793299973946,-77.26793281175291,-0.04073125219474577,-0.01981303211774653,0.064669639214198,-0.014082736799993917,-0.023810120817696807,-0.0018745206823267968,-0.004972770762124434,0.014701298146803696,0.0060657752324724395,-0.013823512034686763,0.03309987020845147,0.002413059141233978,-0.002085481071898876,-0.02271970156672134,-0.07495364844402835,0.07569575286342967,0.01854168614689866,0.0036796955384672883,-0.006580748497024391,0.014512317145895182,-0.036664756626324735,0.007527452378511157,0.03564873777206978,0.00037605182942268556,-0.018250457310324153,0.008997285814252853,0.0386966473769802,-0.012066688792044866,-0.04480896469184037,0.0024017044817872257,0.020089472285177656,-0.021325239137594987,-0.023663064795147903,0.009280969935706374,0.006975863097217275,0.018853417733280642
165,1.3254091504938967,2.1844802320373447e-06,0.006784418477615473,0.14412208449260636,-77.26793733392581,-77.26793725364769,0.03873428597138873,0.023320503364711517,-0.0734244094137566,0.015870640158673788,0.03262561330329983,0.0019527909896170509,0.0003190496884837024,-0.012308308742259438,0.00376149617455971,0.010662625948858168,-0.04416309960920269,-0.0017877502171703419,0.007158018293615509,0.017140749032597043,0.06837512980122583,-0.07274462006097604,-0.01661545734915556,0.0011227426655015665,-0.009103888734033672,0.013143468915855383,-0.03228052527668612,0.006577215726339514,0.03385651833054831,0.0002522975537673222,-0.01841269847062499,0.009856528506135387,0.03877033626687432,-0.012843906758044255,-0.042356625216910554,0.0025364844537010267,0.019789637678987226,-0.022590730271060067,-0.028209603036116082,0.013993640557380616,0.008090839735432766,0.01893101003846054
166,1.3254123442378707,1.3938749934482076e-06,0.0067852704497833715,0.25605067344827587,-77.26794166212431,-77.26794161090038,0.01776932589256064,0.034784359353079664,-0.09775496421470913,0.02061082264380193,0.0686630397614369,0.001811610845274536,-0.023559054673878504,0.003359324183596621,0.05300176586818963,-0.00847455424387586,-0.08846184906373011,0.0019172062656239303,0.031050064399876787,-0.01614162174470456,0.01568747359131195,-0.0373966040185445,-0.0022032524896776727,0.025336907644312595,-0.019466194298545347,0.002488254973663784,-0.0008853157906508757,-0.00011230837732534305,0.015281492202907088,-0.0004399812664670488,-0.014145166136238174,0.011499818131990525,0.028362398159406887,-0.01324555987661069,-0.018034338725732763,0.0025145340509498126,0.01277390708322379,-0.02277367110276951,-0.04362537982965886,0.03419532160549377,0.011538444519941196,0.014073744676418976
167,1.3254155451846896,5.24560313435245e-06,0.006786117036427402,0.02452542162743281,-77.26794605602389,-77.26794586325163,-0.04181417096811996,-0.016846070950763833,0.05713634279632221,-0.012522173223888822,-0.016644559291970458,-0.0017889716987647963,-0.008541974503121663,0.016406774256386245,0.01368528135593193,-0.01613902661713601,0.024099974245599128,0.0028809391219534186,0.0018478649088824461,-0.026801567471951403,-0.07927070458564903,0.07716948040339644,0.01978544921269617,0.007357113010238163,0.004546440556156051,-0.015417566935634452,0.03966898839835331,-0.008185253107547696,-0.03664330639566793,-0.00045939247775916847,0.017899459291525144,-0.008234950737651792,-0.038209280741310914,0.011326659734418265,0.04622058927524014,-0.0022750483330451488,-0.02007730113739825,0.020104295426870422,0.01984605626684033,-0.005510005337154844,-0.006029060633153477,-0.018571323113078853
168,1.3254189757022625,1.218047619937579e-06,0.006787013019193792,0.15570492004144929,-77.2679503622632,-77.2679503175008,0.0424647769716352,0.0056994370513705345,-0.027691995691374996,0.006402034905670012,-0.00853071306472047,0.0013853817570859406,0.019893816714671136,-0.02093218990092391,-0.03819079435900519,0.022723129270089126,0.00782408718238213,-0.004226250280074659,-0.015006619373691965,0.03858644505106493,0.08793990949265656,-0.076477138488384,-0.02264706631917316,-0.019216250919287234,-0.0026199483277064006,-0.01733477347196466,0.046883149742888874,-0.009794852510473628,-0.03733106539100689,-0.0007269600582890945,0.01547520014185877,-0.005060842387043296,-0.03379621816243994,0.008021031762998176,0.04760441950042385,-0.0016716566459760163,-0.018639258382449952,0.01454374634543143,0.005620360995516549,0.007557827315779697,-0.002421484595838047,-0.016308675871700373
169,1.3254221803708388,3.1686344058016402e-06,0.006787870642982424,0.08693392165709558,-77.26795472865817,-77.26795461221306,-0.042777526752385775,-0.010406010477206518,0.04031689377574217,-0.009030324140369195,-0.001802512725790826,-0.001572243425637554,-0.015448724617849408,0.01934485197260981,0.02854785699177484,-0.02030468168200039,0.005330701601447553,0.0037293054890658595,0.009727566597466542,-0.03422047743280934,-0.08556595077633675,0.07783369059514555,0.02175344706174442,0.014544137945387746,0.00032455028827182986,-0.01677829021285837,0.04453485160408566,-0.009261980319148932,-0.03756059887990859,-0.000622427207561671,0.016689784797305984,-0.006452751436491155,-0.03609873435037536,0.00950595565484047,0.0476897291565941,-0.0019472516939806894,-0.019489136803099605,0.017057928723351656,0.011605633015632222,0.002230826381834916,-0.003956017350686028,-0.01747207136779627
170,1.3254254079413943,4.741018131505826e-06,0.0067887524491148515,0.14295378459487507,-77.26795911915686,-77.26795894492774,-0.00406856176630227,-0.03449851976023273,0.09297167344251815,-0.01940651452102085,-0.07485609096678657,-0.0014059298763848538,0.03146127897734796,-0.010696376361406218,-0.06860598682691187,0.016655798326841775,0.0953840964282226,-0.003461267132529283,-0.03766000805019498,0.03013594326634418,0.01362463470742567,0.013018007033342549,-0.005469052606135217,-0.033123124314143285,-0.021292030016703434,-0.0033190464622772087,0.015124941247634305,-0.003464644036575759,0.0032503363846957956,-0.0007130116286866439,-0.009515718890877434,0.010326315155097854,0.018171995995740375,-0.011139603534952913,-0.0026121005136975906,0.002069475137002952,0.006976059189622852,-0.018885878694206215,-0.043803948192360664,0.038435937289487576,0.011240374130386838,0.009150547440669454
171,1.3254288010912039,4.40853931451386e-06,0.006789653207101617,0.23797114466033184,-77.26796349619337,-77.26796333418262,0.01460483723210243,0.035058954818793286,-0.09758489819969762,0.02052264489740599,0.07083106132541594,0.0017140360950320122,-0.025678938650069094,0.0051819699567104555,0.05730453343473846,-0.010540228965194992,-0.091029188559466,0.0023147265505553682,0.03295858103887572,-0.019711576360279662,0.008773344382225656,-0.031866895553088526,-0.00033122118117970625,0.027478257737128864,0.020101409910340373,-0.0011109804147133584,-0.0029945167526033156,0.0009211081227396001,-0.012528574063994491,0.000515030686560225,0.013150704384592649,-0.01133861998742236,-0.02619166147487262,0.01287177815456264,0.014481457844662593,-0.0024387397872724925,-0.011464396685658684,0.022058359240066383,0.04411430712519282,-0.0355806038865758,-0.011561642618598336,-0.013004419797003619
172,1.3254319059448414,5.5685974278446795e-06,0.0067905593702242495,0.27092795794806174,-77.26796787090609,-77.26796766626401,0.033207728310282736,-0.013576169599138793,0.026276205108645062,-0.004978230664929528,-0.04686191226347363,0.00041561471655859883,0.033247634829669304,-0.0231280570420552,-0.06825816813856996,0.02777638023738649,0.05716184540200288,-0.005369826004336664,-0.032436607747325485,0.04813748436803823,0.08049713908646874,-0.05681690496509395,-0.021733190865360415,-0.033560964768782266,0.013476237763273224,0.01619900942469865,-0.047085422811114386,0.00999672195912682,0.029360350918769818,0.0009765973629967117,-0.007825106928929682,-0.0012620700724237377,0.018498966057236554,-0.0007664210748556943,-0.038266858914132645,0.0002954755943478382,0.011820658412066365,-0.0020952409037048314,0.018587344775355508,-0.026702090130680922,-0.0039351904532073795,0.008727039021175775
173,1.3254350994731072,2.444357413361331e-06,0.006791437161799359,0.2725245074016595,-77.26797215099609,-77.26797206116765,-0.035843764346494056,0.010114699521446988,-0.016276790315026088,0.002861605490884489,0.04046486903303405,-0.0006204644543525983,-0.03141887630175763,0.02326883893278099,0.06401826834219032,-0.027464614962933176,-0.04884296431876477,0.0052818988965900315,0.02976838775958579,-0.04743382764051865,-0.08394457763238085,0.062097262360704786,0.02242838447200733,0.03154166516298498,0.011662321276214804,0.01681903003296581,-0.048201600642580056,0.010201442166426933,0.03164647639061599,0.0009475849141269421,-0.009517647387268013,-4.449427656028071e-05,0.021965092761548233,-0.0022145680867265982,-0.04104569459893195,0.0005748783586658757,0.013452670371767894,-0.0046034557190135494,0.014279099002258544,-0.023584218340415575,-0.002771861829077474,0.010434945605981794
174,1.325438390987072,1.8878084204885682e-06,0.006792344257629198,0.25851927779589234,-77.2679765082314,-77.26797643885575,0.03027789638259304,-0.01682086873482408,0.035759607036147015,-0.007000025722163017,-0.05262271018172995,0.00022087556845357126,0.03465280997604908,-0.022756577880357787,-0.07169097737697208,0.027789144790907716,0.06468859102822397,-0.0054088165165690205,-0.034650924577734665,0.04831273590472293,0.07627138794544419,-0.051068900849686516,-0.02080117013605106,-0.03515207665650914,-0.015097065514051655,-0.015417159673702052,0.0454963446198724,-0.009687744069263093,-0.026802438059323586,-0.0009895123943572948,0.006079322975556689,0.0024368006325905522,-0.014906316901299066,-0.0006587965772805182,0.03514175148088419,-1.903988370499654e-05,-0.010104542765201785,-0.00037286514885770394,-0.022613144841728605,0.02946882595024114,0.005013910768407015,-0.006968330598782213
175,1.32544162553991,5.216074545492689e-06,0.006793236097288292,0.2559133857579484,-77.26798091836044,-77.26798072667333,-0.029842759265993946,0.017262035839241255,-0.037054604620066045,0.007278458475442479,0.05338567681976482,-0.0001962190036480238,-0.0348129075409358,0.02268847297176109,0.07211401480876267,-0.027768236160086,-0.0656882789496483,0.005412172376406996,0.0349205288912624,-0.04829678014308131,-0.0756146455933289,0.05022491560026965,0.020648873461966442,0.03533928203188161,0.015309079306473738,0.015293644189360744,-0.04523628685237724,0.009635607177644001,0.02641886936819296,0.0009893792085340358,-0.005828261173811633,-0.002598930085875306,0.014388576968532019,0.0008581630816046903,-0.034674026138961395,-1.98522185763661e-05,0.009857745494867842,0.0007167017528521002,0.023160665196148233,-0.0298323338867732,-0.005156259085569784,0.006717517697740316
176,1.325444767330594,3.9700451257033366e-06,0.006794159144220947,0.2717314257186503,-77.26798524466729,-77.2679850987709,-0.026362273637581313,-0.0326121348763099,0.09460393118752414,-0.020067487973016607,-0.059472356989854286,-0.0019313674539281622,0.016185361830890532,0.002126736109156868,-0.03812451944046884,0.001998181717480313,0.07748054761104109,-0.0006819793213779513,-0.024195187853064182,0.005018780385143497,-0.035839995247884754,0.05244140591532176,0.007458427760828307,-0.018026069723852116,-0.016827955469975175,0.006517122584004831,-0.012332239489919572,0.002323821854706587,0.022935457417017552,-0.00023067103442375725,-0.016469747085637643,0.011591236087777457,0.033820344711570915,-0.013875152305660499,-0.02793111442638402,0.002686290694719373,0.015982568932446206,-0.024028063264017074,-0.04055618358079638,0.02886646407412119,0.010915361601601073,0.016612458698848753
177,1.3254480244113602,8.721127439889643e-06,0.006795098525158303,0.25218383201947964,-77.26798974341081,-77.26798942291545,0.017027561328454954,0.034841592686484846,-0.09776585588891984,0.020589958260294,0.06910282502126205,0.0017486556549431986,-0.023952996764670165,0.0037844506520139515,0.053930683094680784,-0.008923820149280254,-0.0890524610163405,0.002014428025295778,0.031465045867662855,-0.016966413854573974,0.014258342043717925,-0.03620574854246317,-0.0017099934888489751,0.025813747070294484,0.019604674563031277,-0.002200346717974977,1.6249327714823458e-05,0.0002776196831189015,-0.0147065616100861,0.0004675724814202642,0.013895952470691197,-0.01148689217546428,-0.02793022422027558,0.013176581187149039,0.01727148636462396,-0.002515379726372391,-0.012411208192565581,0.022620105026108783,0.0437632651428701,-0.03454361971142461,-0.011497790887205983,-0.01380148300535633
178,1.325451001243057,1.3869070956644692e-06,0.006795989202479531,0.2442684171759973,-77.26799393204283,-77.26799388107496,-0.03217148999703806,-0.02959793132115343,0.08833557736660089,-0.018842150211463238,-0.04984250942846738,-0.0019776565775689176,0.009740095717125918,0.00641729832166385,-0.02480843016532748,-0.003222053881586806,0.06567976411198245,0.0003344796072706768,-0.01780990385515424,-0.004036925691132412,-0.050373537263899745,0.0623055022281247,0.01138030400709672,-0.011510432967082748,0.014070637965218569,-0.009449153711951874,0.02094568459069923,-0.004158530932429905,-0.02808604470226167,5.003510146872614e-05,0.01768059963369617,-0.011192659856581022,-0.03678870442404347,0.013818377485791844,0.034675195397307956,-0.002706092489012546,-0.01794458191736492,0.02407383149625031,0.036493850742275846,-0.02346650223491409,-0.010021168622761992,-0.01799477352138723
179,1.3254542532276805,4.708047550406036e-06,0.006796940332075537,0.25209793720362966,-77.26799838559867,-77.2679982125812,0.03920484458901169,-0.004405965805040449,2.4979414686716883e-05,0.0005503145957675704,-0.029421591387977626,0.0009395143922462101,0.027776218058688074,-0.022980304228303633,-0.05587203478675698,0.026355616872673432,0.03454561167648916,-0.005037313150407896,-0.02478872160147949,0.04523661942033842,0.08752957606939744,-0.06909827251466494,-0.02297436967550575,-0.02758472193915318,-0.008507987469542178,-0.01741866498978073,0.04888248051863486,-0.010293781598083251,-0.034544131468813855,-0.0008700038692073253,0.011967982904286245,-0.001894565234324297,-0.02696103734696953,0.004461171782925377,0.044524210755134006,-0.0010081813370170778,-0.015730388327520828,0.008486515668115757,-0.007136929836750294,0.01810300270793519,0.000846635269668744,-0.012906328128687417
180,1.3254574115420041,3.8604694322856405e-06,0.006797845717990603,0.15559378409302463,-77.2680026999596,-77.26800255809003,-0.0051918830176732045,-0.03465508956348269,0.09375528337959493,-0.019585471060439008,-0.074590311423895,-0.0013973125560395872,0.030821131657107842,-0.010154960132385163,-0.06755283033218622,0.016031195041859764,0.09518830856519352,-0.00336419441127922,-0.03719287463020571,0.02910990205408559,0.01113275664133484,0.015117902009383899,-0.004897849499512004,-0.03257370272143029,-0.021208734065798374,-0.002826684267433599,0.0138551563680831,-0.0031822954274911552,0.00431132214757779,-0.0006976590835090501,-0.00992045669914976,0.01048208745387047,0.01914463129623678,-0.011371860979998982,-0.003935174409514464,0.0021306880834695008,0.007415536833407899,-0.019280900170656534,-0.0439935190442684,0.038267810339026376,0.011249349246155435,0.009560702379988184
181,1.3254607490659485,3.0189709683611456e-06,0.006798804614989639,0.09782481597354253,-77.26800707144244,-77.26800696049736,0.0001816973194286864,0.033753061447808735,-0.08986102043337144,0.018704841188426857,0.07508170058754102,0.0012195191517531678,-0.03292258307827889,0.012544601592981874,0.0715718915514814,-0.01858548323536957,-0.09545336872814068,0.0038424790351800353,0.03866512077109818,-0.03342967507644435,-0.021358284624231644,-0.0060435929653119835,0.007503680176258683,0.034585415319169116,0.02136468538036307,0.004835823043149556,-0.01925392347187116,0.004306419859839261,8.483961105254512e-05,0.0007748625541397214,0.008044558674690228,-0.009816029424098316,-0.0150587921913925,0.010355092447624448,-0.0016673458992642887,-0.0019202544190257687,-0.005178189169691372,0.017441448703048534,0.04304059885612421,-0.038892567192825744,-0.010878736033888392,-0.007582491327973173
182,1.3254640093246173,5.486670587944787e-06,0.006799761643487995,0.2631016358029935,-77.26801150705533,-77.26801130542401,0.038010600224113456,-0.006668297045321903,0.006367644837662785,-0.0007960970022659886,-0.03386061371112395,0.0008317316725982571,0.02924794399846281,-0.023188190550327198,-0.05927484056436228,0.026883421012372732,0.04026380392036925,-0.005167777057142289,-0.026729693414194067,0.046239819662749045,0.0864196832498349,-0.06661617481853432,-0.022786522276350252,-0.029176442138583183,0.00975512560640357,0.017235214226389628,-0.04877813231923078,0.010287962052621946,0.03350365033479796,0.0008925090933973312,-0.011028090078084807,0.0011468812081940616,0.025081267065997448,-0.0035941104943232327,-0.04330426389752037,0.0008434941529347206,0.014889707554725184,-0.00700343308286866,0.009978260490104418,-0.02031059464134355,-0.0015780487889921618,0.011982601516796976
183,1.3254672221343966,6.0276697109202364e-06,0.006800666569524275,0.26652700574813454,-77.26801583385962,-77.26801561234696,-0.028261298018575187,-0.03176505662061291,0.09298680560422508,-0.019744766363978594,-0.056600620512875364,-0.0019313883814903454,0.014171245698932439,0.003484345945087841,-0.03401987958401744,0.000347596188094379,0.0740280586096645,-0.0003626869838479624,-0.02228562113475352,0.00219573287660961,-0.040625692540928404,0.055772843630293556,0.008657539702147589,-0.01604715811393003,-0.016018689159201793,0.007475568213682449,-0.015092487997987791,0.0029195630706881914,0.02465829752949311,-0.00018504276387210083,-0.016883799992147175,0.011521518794065821,0.0349020267187532,-0.013913286891817256,-0.03017352772381146,0.002713722760513848,0.016610714965688445,-0.024132231641064927,-0.0394229896011562,0.027285498006790476,0.010650374827635312,0.017084770883748934
184,1.3254705933974682,3.269034933521198e-06,0.006801633171983009,0.1819378918904222,-77.26802017734956,-77.2680200572148,-0.021554654568793463,0.024163104789599613,-0.057831629657153494,0.011740435415464823,0.06458350330815696,0.00025029070559712263,-0.03649742237712203,0.02079031122780725,0.07695493584116571,-0.026531260455606914,-0.08052561036693445,0.005270372789136973,0.03852128913475705,-0.046516892971261437,-0.062115286578980564,0.03432161285131108,0.017505584012633378,0.037471316900228285,0.0184399293398656,0.012733483986198335,-0.03941164654624996,0.008456729568623533,0.019130786419064794,0.0009739078268360402,-0.0014295663807104564,-0.005269032397404505,0.005197325908061656,0.004200818450261545,-0.025677160855205494,-0.0006798024269760727,0.00537275439275664,0.006527150148405547,0.03165952321533494,-0.03504066537079886,-0.007445227301058663,0.0022606920229921723
185,1.3254737462831447,1.1126428430799252e-06,0.00680259865449367,0.2610189454548539,-77.2680245129414,-77.26802447205255,-0.03826150198194572,0.006216372248640745,-0.0050568243627215695,0.0005293428182356619,0.032976747367032946,-0.0008625734175962407,-0.02892681193395369,0.023165719070622273,0.05861818981375864,-0.02678899899905518,-0.03911070465813396,0.005154828301087891,0.02627959220646492,-0.04604489465742347,-0.08668098199761667,0.06716837789026742,0.022796760629273362,0.02882736166307115,0.009492371561623414,0.017274718236772957,-0.04881594990016247,0.010290505082431567,0.033714842670280715,0.0008806780581822604,-0.011209771401241353,0.0013043030699586566,0.02546662660663046,-0.003771662634449169,-0.04356522928251505,0.0008790175084176788,0.015064263022207314,-0.007315466962228512,0.009414001895649449,-0.019865705630577324,-0.0014131677322656577,0.012175625831283066
186,1.3254770325722722,1.9105172166121066e-06,0.006803556377856786,0.16673290981268754,-77.2680289019724,-77.26802883176222,0.04225098163862606,0.004756421831107888,-0.025351422828525857,0.005851118393573246,-0.010541768827024569,0.0013654364828734056,0.020581713765141008,-0.021229641026048893,-0.04002553457325614,0.02315028322355059,0.010286164687870214,-0.0043626197247459,-0.015672447636274844,0.039271388081112746,0.08826122733999205,-0.07616164938461534,-0.02254256474702033,-0.01988708669636967,-0.003116341586115401,-0.017389332802034918,0.04720908077463626,-0.009868789183322235,-0.037156195731463615,-0.0007020169095028894,0.015124078796003637,-0.004819830983128881,-0.03327315322628688,0.007724485331255804,0.047474430730191475,-0.0016330415012903998,-0.018383161484463173,0.014070457203535391,0.004430232203281204,0.008519728126637816,-0.002179528417099591,-0.016031101340840515
187,1.3254802111579485,5.331633218793286e-06,0.006804532844050143,0.24441951532550474,-77.26803334752618,-77.26803315159238,0.015650412829205873,0.034948677170539344,-0.09770724698618062,0.020549393517448306,0.06997535995780399,0.001672837514627129,-0.02478096866284893,0.0045739009993644025,0.05572542491788077,-0.009793089429273871,-0.09013691733805547,0.00219214484821241,0.032249104595305944,-0.018499908549586955,0.011403478121116598,-0.03387485284985425,-0.0008611122400606491,0.026713361584334253,0.019866407742666126,-0.0016305932109452748,-0.0016359598208987025,0.0006089126041977089,-0.013565836929037955,0.0005066534676674284,0.013450149090432184,-0.011433129516082108,-0.027042968950808155,0.013026507740682813,0.01578084120063436,-0.0024965433977044427,-0.011794431418281626,0.02231516705513925,0.04398576420972233,-0.0351575457597022,-0.011466448599707885,-0.013316945507979128
188,1.325483197924211,2.6421329495008197e-06,0.006805484909244868,0.21108895950339746,-77.2680376535397,-77.26803755644315,-0.035059917235942206,-0.027263243634939205,0.08310516714767574,-0.01776969541207221,-0.043154261206899226,-0.001951496459454874,0.005688177531424338,0.008881745922790577,-0.01634502999629745,-0.00630916170468257,0.05747542072029732,0.0009474808837397625,-0.01374866364396321,-0.009368364690203548,-0.05830518625674265,0.06719926046526048,0.013428702888952586,-0.007450935318919154,0.012186804877072355,-0.011052693906869804,0.025743363296661048,-0.005195051414388363,-0.03069867149374611,-4.054951633358783e-05,0.018059029260587556,-0.010782740990468831,-0.03795926705758956,0.013554664877061806,0.03813495805552275,-0.0026868900453005384,-0.01875082426147312,0.02369770515629066,0.033429143953140894,-0.019854623338858346,-0.00929855682072911,-0.018485800630576366
189,1.3254865024707547,5.562458995666475e-06,0.006806478398040209,0.02027926077082978,-77.26804209878912,-77.26804189437263,-0.008887799323317236,0.030942311253294802,-0.0796640989141672,0.016464521780559904,0.07331869894900342,0.000826227190963591,-0.035489005865425555,0.016442717326331097,0.07632046926330405,-0.022547040453910594,-0.09258128993278017,0.0045894528513412,0.039887794613847616,-0.04006402436960335,-0.03903690624001967,0.010571529248229572,0.011941586773751681,0.03696485584857409,0.020880133650778343,0.008282114467287327,-0.02833248882931405,0.0061763785336974575,0.00799222801548316,0.0008834511213189344,0.004374998387442375,-0.008272786432522938,-0.007178293265296842,0.008161079128476745,-0.011714665949706354,-0.0014789182581065319,-0.0009221980284692677,0.01349930705788227,0.03983126090828337,-0.03867039167192843,-0.009786197158423701,-0.003725011676886103
190,1.325489579601267,6.333114909722327e-07,0.006807454488193656,0.09172694758017867,-77.26804638236776,-77.268046359094,0.0426899124273058,0.010029784691876348,-0.03956900359478058,0.008803144888814701,0.0009730876270917822,0.0015659346296179877,0.015675069873744202,-0.01950500387520547,-0.029354957205797547,0.020507792026457694,-0.004414435246752906,-0.003819578669840215,-0.009779127848439817,0.03447160603761832,0.08587024294094645,-0.07789679136788585,-0.021555039234640694,-0.014692638100145802,-0.0001751525573329138,0.016815798799787895,-0.044697655900034494,0.009302319570624773,0.03751483596594743,0.000579291113599556,-0.01650356019227628,0.006400031837183295,0.035949230440144864,-0.009411045566660392,-0.04769821371147226,0.001953306442357139,0.01935047749394503,-0.016924366070945274,-0.011144173089653098,-0.002563038748299995,0.0038919131794990375,0.017360000993586366
191,1.3254928679133313,3.949014208956214e-06,0.006808439569616912,0.07293120904781376,-77.26805081488254,-77.26805066975902,0.012811510945711646,-0.029233579013431224,0.07393004616982989,-0.015221471758872118,-0.07146825656633862,-0.0006457876328239409,0.03613525931891126,-0.017944340232211253,-0.07733839786032609,0.023993257673908364,0.08994283760181544,-0.004855081819332488,-0.03985693074492325,0.04244508577444015,0.046400961375260216,-0.017861625434747896,-0.013741747564271461,-0.03749174023259649,-0.02035960684453242,-0.009707646929612679,0.0319824568951651,-0.006926211191708775,-0.011422597908347931,-0.0009174746440121506,-0.002673201379067569,0.007457432465727498,0.0035367275884752303,-0.007057335756004646,0.016046467032575645,0.0012566283507278175,-0.000983474663954098,-0.011536982751906733,-0.0378083879194131,0.037999829835267285,0.00916332809156356,0.001950049729058545
192,1.3254961123363345,4.490850144784986e-06,0.006809422043176087,0.20857007969337904,-77.26805519978701,-77.2680550347514,-0.024144489120262513,0.022291524127067308,-0.05202738480003192,0.010514848600187199,0.0616825678764882,7.774817755631935e-05,-0.03611041872061649,0.02152132130203814,0.07603580503266019,-0.027069865504580515,-0.07665200497350474,0.005380602945664281,0.037529869038777086,-0.04733312170101554,-0.06645560000081288,0.03928005570649695,0.01848971336892446,0.03698882864496185,0.017598884393930314,0.013550981208509949,-0.04138315583546415,0.008845564517909743,0.021354790052966977,0.0009705545579534736,-0.0027175264945449307,-0.004512554620788922,0.007905253632478182,0.0032473776398187493,-0.0284774167464327,-0.0004935180179501675,0.006763240396333359,0.004835709631186402,0.029389952863597024,-0.03373754045345301,-0.006751509525439611,0.0036109127993844137
193,1.3254992669696934,5.1994407631980264e-06,0.006810429425293389,0.08234926130455233,-77.26805960569529,-77.26805941461946,0.013532107927330894,-0.028887829031612827,0.07278751617901752,-0.014977227128054632,-0.07104978355821781,-0.0006042317986617862,0.03620059628520325,-0.018211593939626278,-0.07745195085156195,0.024238943550780545,0.08936265698301774,-0.00490447048866792,-0.03978952455365237,0.04284690248391586,0.04771488074499712,-0.019204896081603584,-0.014060352937480862,-0.03754174378510049,-0.020238349817874757,-0.009959979333224789,0.032630595581860655,-0.007056569105621913,-0.012041796760644485,-0.0009218203060799013,-0.0023545147072709938,0.0072993477381766425,0.002862782640936201,-0.00684647012670736,0.01683301638230361,0.0012154958176802122,-0.0013452784734226952,-0.011158685632511989,-0.037400457814285026,0.03784118223090083,0.009028097605900245,0.001613404079887637
194,1.3255025740770343,5.250845975695029e-06,0.006811443878107666,0.2273682827036787,-77.26806401962783,-77.2680638266629,0.0337047566543246,0.02835948451233014,-0.08568547862300335,0.01827472812023248,0.04624601358753674,0.0019369819864234333,-0.007541867325636581,-0.007743269157482857,0.020241163816672986,0.004893937316709035,-0.06135861655431597,-0.0006702913209613859,0.01572222628796971,0.0068647412843770746,0.05478526781985674,-0.06505378105363357,-0.012368353672450545,0.009392356321014102,-0.013087285890688305,0.010330945198200325,-0.0235317929761506,0.004729909937794208,0.029532173981686505,-2.2187974283216505e-05,-0.0178531286452821,0.011011250246979687,0.0374900711663525,-0.013703407397199774,-0.03658524151507994,0.0027180792586645186,0.01831871032822452,-0.023910113733738525,-0.03489600019234773,0.02159520166715101,0.009620985821951158,0.01824183071776453
195,1.325505582157532,2.109420361938419e-06,0.006812419886943869,0.003699241549617108,-77.26806831787712,-77.2680682403574,0.007140107028290654,-0.031612002970816344,0.08197111278084138,-0.016974365723021856,-0.07390474555075907,-0.0008715838319493796,0.03501949565175322,-0.01575134412945535,-0.07564295943704694,0.021839635053527845,0.09348131659281059,-0.004476507394749515,-0.03970633597093465,0.03889913052061431,0.03560538445608942,-0.007318536039612633,-0.011112354462390148,-0.0365854465731939,-0.02103441309347387,-0.007611506086103281,0.026634941262273393,-0.005815508869919883,-0.006415536327774141,-0.0008637234389510251,-0.005113837919095365,0.008617038946173494,0.008803999773420057,-0.00863384410568957,0.009743663393033508,0.0015811428055305665,0.0017236842272341235,-0.014324185068248174,-0.04063583693864281,0.038873919760948006,0.009990525142918129,0.004479476536369376
196,1.3255088252740599,3.255096431072957e-06,0.006813430446974268,0.14198734704589805,-77.26807270729404,-77.26807258767151,-0.038584837566262686,-0.023172312428924063,0.07338355799012014,-0.015771122905741036,-0.032256215991416176,-0.0018966665671687338,-0.00041760193555329117,0.012354761611338139,-0.0034113963306643194,-0.010747796179095825,0.043945244668574496,0.001841001212465665,-0.007385127336320574,-0.017108336627462917,-0.06868376633159883,0.07290648592299709,0.01623685876789497,-0.0012327299731646896,-0.009105307321658929,0.013171803434616436,-0.03229448780155997,0.006607621064165903,0.0338574308856453,0.0001848571702847135,-0.018234253369649123,0.009907586664859247,0.03879558862473831,-0.01284224084673602,-0.042388178208560584,0.002583042226439014,0.019576260108282284,-0.022589577579408715,-0.028088556719317204,0.013997920365597771,0.008040934802849148,0.018819556499416246
